$date
        2026-Aug-12 16:18:37
$end
$version
        Vivado v2022.2 (64-bit)
$end
$timescale
        1ps
$end
$scope module dut $end
$var reg 16 " r_dds_out [15:0] $end
$var reg 16 2 S_AXIS_tdata [15:0] $end
$var reg 1 B gpio1_out_32_gp1 $end
$var reg 1 C S_AXIS_tvalid $end
$var reg 1 D S_AXIS_tready $end
$var reg 1 E S_AXIS_tlast $end
$var reg 1 F _TRIGGER $end
$var reg 1 G _WINDOW $end
$var reg 1 H _GAP $end
$upscope $end
$enddefinitions $end
#0
$dumpvars
b1111111111000001 "
b1111111111110000 2
1B
1C
1D
0E
0F
1G
0H
$end
#1
b1111111101110000 "
b1111111111000001 2
#2
b1111111100000010 "
b1111111101110000 2
#3
b1111111001101111 "
b1111111100000010 2
#4
b1111110111000011 "
b1111111001101111 2
#5
b1111110011101110 "
b1111110111000011 2
#6
b1111110000000100 "
b1111110011101110 2
#7
b1111101011101110 "
b1111110000000100 2
#8
b1111100111001000 "
b1111101011101110 2
#9
b1111100001110011 "
b1111100111001000 2
#10
b1111011100010000 "
b1111100001110011 2
#11
b1111010101111101 "
b1111011100010000 2
#12
b1111001111100000 "
b1111010101111101 2
#13
b1111001000010000 "
b1111001111100000 2
#14
b1111000000111010 "
b1111001000010000 2
#15
b1110111000110000 "
b1111000000111010 2
#16
b1110110000100011 "
b1110111000110000 2
#17
b1110100111100000 "
b1110110000100011 2
#18
b1110011110011111 "
b1110100111100000 2
#19
b1110010100100101 "
b1110011110011111 2
#20
b1110001010110001 "
b1110010100100101 2
#21
b1110000000000100 "
b1110001010110001 2
#22
b1101110101100000 "
b1110000000000100 2
#23
b1101101010100101 "
b1101110101100000 2
#24
b1101011110110000 "
b1101101010100101 2
#25
b1101010011001001 "
b1101011110110000 2
#26
b1101000110100111 "
b1101010011001001 2
#27
b1100111010010111 "
b1101000110100111 2
#28
b1100101101001100 "
b1100111010010111 2
#29
b1100100000010110 "
b1100101101001100 2
#30
b1100010010100100 "
b1100100000010110 2
#31
b1100000101001100 "
b1100010010100100 2
#32
b1011110110110111 "
b1100000101001100 2
#33
b1011101000111111 "
b1011110110110111 2
#34
b1011011010001100 "
b1011101000111111 2
#35
b1011001011111000 "
b1011011010001100 2
#36
b1010111100101001 "
b1011001011111000 2
#37
b1010101101111101 "
b1010111100101001 2
#38
b1010011110010111 "
b1010101101111101 2
#39
b1010001111010110 "
b1010011110010111 2
#40
b1001111111011100 "
b1010001111010110 2
#41
b1001110000001011 "
b1001111111011100 2
#42
b1001100000000001 "
b1001110000001011 2
#43
b1001010000100011 "
b1001100000000001 2
#44
b1001000000001110 "
b1001010000100011 2
#45
b1000110000100111 "
b1001000000001110 2
#46
b1000100000001011 "
b1000110000100111 2
#47
b1000010000011111 "
b1000100000001011 2
#48
b1000000000110010 "
b1000010000011111 2
#49
b111110000010010 "
b1000000000110010 2
#50
b111100000100110 "
b111110000010010 2
#51
b111010000001010 "
b111100000100110 2
#52
b111000000100011 "
b111010000001010 2
#53
b110110000001101 "
b111000000100011 2
#54
b110100000101111 "
b110110000001101 2
#55
b110010000100101 "
b110100000101111 2
#56
b110000001010011 "
b110010000100101 2
#57
b101110001011001 "
b110000001010011 2
#58
b101100010011000 "
b101110001011001 2
#59
b101010010110001 "
b101100010011000 2
#60
b101000100000101 "
b101010010110001 2
#61
b100110100110101 "
b101000100000101 2
#62
b100100110100001 "
b100110100110101 2
#63
b100010111101100 "
b100100110100001 2
#64
b100001001110100 "
b100010111101100 2
#65
b11111011011110 "
b100001001110100 2
#66
b11101110000101 "
b11111011011110 2
#67
b11100000010010 "
b11101110000101 2
#68
b11010011011100 "
b11100000010010 2
#69
b11000110001111 "
b11010011011100 2
#70
b10111001111110 "
b11000110001111 2
#71
b10101101011011 "
b10111001111110 2
#72
b10100001110100 "
b10101101011011 2
#73
b10010110100001 "
b10100001110100 2
#74
b10001011000010 "
b10010110100001 2
#75
b10000000011100 "
b10001011000010 2
#76
b1110101101110 "
b10000000011100 2
#77
b1101011111000 "
b1110101101110 2
#78
b1100001111110 "
b1101011111000 2
#79
b1011000111011 "
b1100001111110 2
#80
b1001111110111 "
b1011000111011 2
#81
b1000111101001 "
b1001111110111 2
#82
b111111011101 "
b1000111101001 2
#83
b111000000110 "
b111111011101 2
#84
b110000110101 "
b111000000110 2
#85
b101010010110 "
b110000110101 2
#86
b100100000001 "
b101010010110 2
#87
b11110011101 "
b100100000001 2
#88
b11001000111 "
b11110011101 2
#89
b10100011111 "
b11001000111 2
#90
b10000000111 "
b10100011111 2
#91
b1100011100 "
b10000000111 2
#92
b1001000110 "
b1100011100 2
#93
b110011000 "
b1001000110 2
#94
b100000011 "
b110011000 2
#95
b10010100 "
b100000011 2
#96
b1000001 "
b10010100 2
#97
b10001 "
b1000001 2
#98
b0 "
b10001 2
#99
b1111 "
b0 2
#100
b111110 "
b1111 2
#101
b10001111 "
b111110 2
#102
b11111101 "
b10001111 2
#103
b110010000 "
b11111101 2
#104
b1000111100 "
b110010000 2
#105
b1100010001 "
b1000111100 2
#106
b1111111011 "
b1100010001 2
#107
b10100010001 "
b1111111011 2
#108
b11000110111 "
b10100010001 2
#109
b11110001100 "
b11000110111 2
#110
b100011101111 "
b11110001100 2
#111
b101010000010 "
b100011101111 2
#112
b110000011111 "
b101010000010 2
#113
b110111101111 "
b110000011111 2
#114
b111111000101 "
b110111101111 2
#115
b1000111001111 "
b111111000101 2
#116
b1001111011100 "
b1000111001111 2
#117
b1011000011111 "
b1001111011100 2
#118
b1100001100000 "
b1011000011111 2
#119
b1101011011010 "
b1100001100000 2
#120
b1110101001110 "
b1101011011010 2
#121
b1111111111011 "
b1110101001110 2
#122
b10001010011111 "
b1111111111011 2
#123
b10010101011010 "
b10001010011111 2
#124
b10100001001111 "
b10010101011010 2
#125
b10101100110110 "
b10100001001111 2
#126
b10111001011000 "
b10101100110110 2
#127
b11000101101000 "
b10111001011000 2
#128
b11010010110011 "
b11000101101000 2
#129
b11011111101001 "
b11010010110011 2
#130
b11101101011011 "
b11011111101001 2
#131
b11111010110011 "
b11101101011011 2
#132
b100001001001000 "
b11111010110011 2
#133
b100010111000000 "
b100001001001000 2
#134
b100100101110011 "
b100010111000000 2
#135
b100110100000111 "
b100100101110011 2
#136
b101000011010110 "
b100110100000111 2
#137
b101010010000010 "
b101000011010110 2
#138
b101100001101000 "
b101010010000010 2
#139
b101110000101001 "
b101100001101000 2
#140
b110000000100011 "
b101110000101001 2
#141
b110001111110100 "
b110000000100011 2
#142
b110011111111110 "
b110001111110100 2
#143
b110101111011100 "
b110011111111110 2
#144
b110111111110001 "
b110101111011100 2
#145
b111001111011000 "
b110111111110001 2
#146
b111011111110100 "
b111001111011000 2
#147
b111101111100000 "
b111011111110100 2
#148
b111111111001101 "
b111101111100000 2
#149
b1000001111101101 "
b111111111001101 2
#150
b1000011111011001 "
b1000001111101101 2
#151
b1000101111110101 "
b1000011111011001 2
#152
b1000111111011100 "
b1000101111110101 2
#153
b1001001111110010 "
b1000111111011100 2
#154
b1001011111010000 "
b1001001111110010 2
#155
b1001101111011010 "
b1001011111010000 2
#156
b1001111110101100 "
b1001101111011010 2
#157
b1010001110100110 "
b1001111110101100 2
#158
b1010011101100111 "
b1010001110100110 2
#159
b1010101101001110 "
b1010011101100111 2
#160
b1010111011111010 "
b1010101101001110 2
#161
b1011001011001010 "
b1010111011111010 2
#162
b1011011001011110 "
b1011001011001010 2
#163
b1011101000010011 "
b1011011001011110 2
#164
b1011110110001011 "
b1011101000010011 2
#165
b1100000100100001 "
b1011110110001011 2
#166
b1100010001111010 "
b1100000100100001 2
#167
b1100011111101101 "
b1100010001111010 2
#168
b1100101100100011 "
b1100011111101101 2
#169
b1100111001110000 "
b1100101100100011 2
#170
b1101000110000001 "
b1100111001110000 2
#171
b1101010010100100 "
b1101000110000001 2
#172
b1101011110001011 "
b1101010010100100 2
#173
b1101101001011110 "
b1101011110001011 2
#174
b1101110100111101 "
b1101101001011110 2
#175
b1101111111100011 "
b1101110100111101 2
#176
b1110001010010001 "
b1101111111100011 2
#177
b1110010100000111 "
b1110001010010001 2
#178
b1110011110000001 "
b1110010100000111 2
#179
b1110100111000100 "
b1110011110000001 2
#180
b1110110000001000 "
b1110100111000100 2
#181
b1110111000010110 "
b1110110000001000 2
#182
b1111000000100010 "
b1110111000010110 2
#183
b1111000111111001 "
b1111000000100010 2
#184
b1111001111001010 "
b1111000111111001 2
#185
b1111010101101001 "
b1111001111001010 2
#186
b1111011011111110 "
b1111010101101001 2
#187
b1111100001100010 "
b1111011011111110 2
#188
b1111100110111000 "
b1111100001100010 2
#189
b1111101011100000 "
b1111100110111000 2
#190
b1111101111111000 "
b1111101011100000 2
#191
b1111110011100011 "
b1111101111111000 2
#192
b1111110110111001 "
b1111110011100011 2
#193
b1111111001100111 "
b1111110110111001 2
#194
b1111111011111100 "
b1111111001100111 2
#195
b1111111101101011 "
b1111111011111100 2
#196
b1111111110111110 "
b1111111101101011 2
#197
b1111111111101110 "
b1111111110111110 2
#198
b1111111111111111 "
b1111111111101110 2
#199
b1111111111110000 "
b1111111111111111 2
#200
b1111111111000001 "
b1111111111110000 2
#201
b1111111101110000 "
b1111111111000001 2
#202
b1111111100000010 "
b1111111101110000 2
#203
b1111111001101111 "
b1111111100000010 2
#204
b1111110111000011 "
b1111111001101111 2
#205
b1111110011101110 "
b1111110111000011 2
#206
b1111110000000100 "
b1111110011101110 2
#207
b1111101011101110 "
b1111110000000100 2
#208
b1111100111001000 "
b1111101011101110 2
#209
b1111100001110011 "
b1111100111001000 2
#210
b1111011100010000 "
b1111100001110011 2
#211
b1111010101111101 "
b1111011100010000 2
#212
b1111001111100000 "
b1111010101111101 2
#213
b1111001000010000 "
b1111001111100000 2
#214
b1111000000111010 "
b1111001000010000 2
#215
b1110111000110000 "
b1111000000111010 2
#216
b1110110000100011 "
b1110111000110000 2
#217
b1110100111100000 "
b1110110000100011 2
#218
b1110011110011111 "
b1110100111100000 2
#219
b1110010100100101 "
b1110011110011111 2
#220
b1110001010110001 "
b1110010100100101 2
#221
b1110000000000100 "
b1110001010110001 2
#222
b1101110101100000 "
b1110000000000100 2
#223
b1101101010100101 "
b1101110101100000 2
#224
b1101011110110000 "
b1101101010100101 2
#225
b1101010011001001 "
b1101011110110000 2
#226
b1101000110100111 "
b1101010011001001 2
#227
b1100111010010111 "
b1101000110100111 2
#228
b1100101101001100 "
b1100111010010111 2
#229
b1100100000010110 "
b1100101101001100 2
#230
b1100010010100100 "
b1100100000010110 2
#231
b1100000101001100 "
b1100010010100100 2
#232
b1011110110110111 "
b1100000101001100 2
#233
b1011101000111111 "
b1011110110110111 2
#234
b1011011010001100 "
b1011101000111111 2
#235
b1011001011111000 "
b1011011010001100 2
#236
b1010111100101001 "
b1011001011111000 2
#237
b1010101101111101 "
b1010111100101001 2
#238
b1010011110010111 "
b1010101101111101 2
#239
b1010001111010110 "
b1010011110010111 2
#240
b1001111111011100 "
b1010001111010110 2
#241
b1001110000001011 "
b1001111111011100 2
#242
b1001100000000001 "
b1001110000001011 2
#243
b1001010000100011 "
b1001100000000001 2
#244
b1001000000001110 "
b1001010000100011 2
#245
b1000110000100111 "
b1001000000001110 2
#246
b1000100000001011 "
b1000110000100111 2
#247
b1000010000011111 "
b1000100000001011 2
#248
b1000000000110010 "
b1000010000011111 2
#249
b111110000010010 "
b1000000000110010 2
#250
b111100000100110 "
b111110000010010 2
#251
b111010000001010 "
b111100000100110 2
#252
b111000000100011 "
b111010000001010 2
#253
b110110000001101 "
b111000000100011 2
#254
b110100000101111 "
b110110000001101 2
#255
b110010000100101 "
b110100000101111 2
#256
b110000001010011 "
b110010000100101 2
#257
b101110001011001 "
b110000001010011 2
#258
b101100010011000 "
b101110001011001 2
#259
b101010010110001 "
b101100010011000 2
#260
b101000100000101 "
b101010010110001 2
#261
b100110100110101 "
b101000100000101 2
#262
b100100110100001 "
b100110100110101 2
#263
b100010111101100 "
b100100110100001 2
#264
b100001001110100 "
b100010111101100 2
#265
b11111011011110 "
b100001001110100 2
#266
b11101110000101 "
b11111011011110 2
#267
b11100000010010 "
b11101110000101 2
#268
b11010011011100 "
b11100000010010 2
#269
b11000110001111 "
b11010011011100 2
#270
b10111001111110 "
b11000110001111 2
#271
b10101101011011 "
b10111001111110 2
#272
b10100001110100 "
b10101101011011 2
#273
b10010110100001 "
b10100001110100 2
#274
b10001011000010 "
b10010110100001 2
#275
b10000000011100 "
b10001011000010 2
#276
b1110101101110 "
b10000000011100 2
#277
b1101011111000 "
b1110101101110 2
#278
b1100001111110 "
b1101011111000 2
#279
b1011000111011 "
b1100001111110 2
#280
b1001111110111 "
b1011000111011 2
#281
b1000111101001 "
b1001111110111 2
#282
b111111011101 "
b1000111101001 2
#283
b111000000110 "
b111111011101 2
#284
b110000110101 "
b111000000110 2
#285
b101010010110 "
b110000110101 2
#286
b100100000001 "
b101010010110 2
#287
b11110011101 "
b100100000001 2
#288
b11001000111 "
b11110011101 2
#289
b10100011111 "
b11001000111 2
#290
b10000000111 "
b10100011111 2
#291
b1100011100 "
b10000000111 2
#292
b1001000110 "
b1100011100 2
#293
b110011000 "
b1001000110 2
#294
b100000011 "
b110011000 2
#295
b10010100 "
b100000011 2
#296
b1000001 "
b10010100 2
#297
b10001 "
b1000001 2
#298
b0 "
b10001 2
#299
b1111 "
b0 2
#300
b111110 "
b1111 2
#301
b10001111 "
b111110 2
#302
b11111101 "
b10001111 2
#303
b110010000 "
b11111101 2
#304
b1000111100 "
b110010000 2
#305
b1100010001 "
b1000111100 2
#306
b1111111011 "
b1100010001 2
#307
b10100010001 "
b1111111011 2
#308
b11000110111 "
b10100010001 2
#309
b11110001100 "
b11000110111 2
#310
b100011101111 "
b11110001100 2
#311
b101010000010 "
b100011101111 2
#312
b110000011111 "
b101010000010 2
#313
b110111101111 "
b110000011111 2
#314
b111111000101 "
b110111101111 2
#315
b1000111001111 "
b111111000101 2
#316
b1001111011100 "
b1000111001111 2
#317
b1011000011111 "
b1001111011100 2
#318
b1100001100000 "
b1011000011111 2
#319
b1101011011010 "
b1100001100000 2
#320
b1110101001110 "
b1101011011010 2
#321
b1111111111011 "
b1110101001110 2
#322
b10001010011111 "
b1111111111011 2
#323
b10010101011010 "
b10001010011111 2
#324
b10100001001111 "
b10010101011010 2
#325
b10101100110110 "
b10100001001111 2
#326
b10111001011000 "
b10101100110110 2
#327
b11000101101000 "
b10111001011000 2
#328
b11010010110011 "
b11000101101000 2
#329
b11011111101001 "
b11010010110011 2
#330
b11101101011011 "
b11011111101001 2
#331
b11111010110011 "
b11101101011011 2
#332
b100001001001000 "
b11111010110011 2
#333
b100010111000000 "
b100001001001000 2
#334
b100100101110011 "
b100010111000000 2
#335
b100110100000111 "
b100100101110011 2
#336
b101000011010110 "
b100110100000111 2
#337
b101010010000010 "
b101000011010110 2
#338
b101100001101000 "
b101010010000010 2
#339
b101110000101001 "
b101100001101000 2
#340
b110000000100011 "
b101110000101001 2
#341
b110001111110100 "
b110000000100011 2
#342
b110011111111110 "
b110001111110100 2
#343
b110101111011100 "
b110011111111110 2
#344
b110111111110001 "
b110101111011100 2
#345
b111001111011000 "
b110111111110001 2
#346
b111011111110100 "
b111001111011000 2
#347
b111101111100000 "
b111011111110100 2
#348
b111111111001101 "
b111101111100000 2
#349
b1000001111101101 "
b111111111001101 2
#350
b1000011111011001 "
b1000001111101101 2
#351
b1000101111110101 "
b1000011111011001 2
#352
b1000111111011100 "
b1000101111110101 2
#353
b1001001111110010 "
b1000111111011100 2
#354
b1001011111010000 "
b1001001111110010 2
#355
b1001101111011010 "
b1001011111010000 2
#356
b1001111110101100 "
b1001101111011010 2
#357
b1010001110100110 "
b1001111110101100 2
#358
b1010011101100111 "
b1010001110100110 2
#359
b1010101101001110 "
b1010011101100111 2
#360
b1010111011111010 "
b1010101101001110 2
#361
b1011001011001010 "
b1010111011111010 2
#362
b1011011001011110 "
b1011001011001010 2
#363
b1011101000010011 "
b1011011001011110 2
#364
b1011110110001011 "
b1011101000010011 2
#365
b1100000100100001 "
b1011110110001011 2
#366
b1100010001111010 "
b1100000100100001 2
#367
b1100011111101101 "
b1100010001111010 2
#368
b1100101100100011 "
b1100011111101101 2
#369
b1100111001110000 "
b1100101100100011 2
#370
b1101000110000001 "
b1100111001110000 2
#371
b1101010010100100 "
b1101000110000001 2
#372
b1101011110001011 "
b1101010010100100 2
#373
b1101101001011110 "
b1101011110001011 2
#374
b1101110100111101 "
b1101101001011110 2
#375
b1101111111100011 "
b1101110100111101 2
#376
b1110001010010001 "
b1101111111100011 2
#377
b1110010100000111 "
b1110001010010001 2
#378
b1110011110000001 "
b1110010100000111 2
#379
b1110100111000100 "
b1110011110000001 2
#380
b1110110000001000 "
b1110100111000100 2
#381
b1110111000010110 "
b1110110000001000 2
#382
b1111000000100010 "
b1110111000010110 2
#383
b1111000111111001 "
b1111000000100010 2
#384
b1111001111001010 "
b1111000111111001 2
#385
b1111010101101001 "
b1111001111001010 2
#386
b1111011011111110 "
b1111010101101001 2
#387
b1111100001100010 "
b1111011011111110 2
#388
b1111100110111000 "
b1111100001100010 2
#389
b1111101011100000 "
b1111100110111000 2
#390
b1111101111111000 "
b1111101011100000 2
#391
b1111110011100011 "
b1111101111111000 2
#392
b1111110110111001 "
b1111110011100011 2
#393
b1111111001100111 "
b1111110110111001 2
#394
b1111111011111100 "
b1111111001100111 2
#395
b1111111101101011 "
b1111111011111100 2
#396
b1111111110111110 "
b1111111101101011 2
#397
b1111111111101110 "
b1111111110111110 2
#398
b1111111111111111 "
b1111111111101110 2
#399
b1111111111110000 "
b1111111111111111 2
#400
b1111111111000001 "
b1111111111110000 2
#401
b1111111101110000 "
b1111111111000001 2
#402
b1111111100000010 "
b1111111101110000 2
#403
b1111111001101111 "
b1111111100000010 2
#404
b1111110111000011 "
b1111111001101111 2
#405
b1111110011101110 "
b1111110111000011 2
#406
b1111110000000100 "
b1111110011101110 2
#407
b1111101011101110 "
b1111110000000100 2
#408
b1111100111001000 "
b1111101011101110 2
#409
b1111100001110011 "
b1111100111001000 2
#410
b1111011100010000 "
b1111100001110011 2
#411
b1111010101111101 "
b1111011100010000 2
#412
b1111001111100000 "
b1111010101111101 2
#413
b1111001000010000 "
b1111001111100000 2
#414
b1111000000111010 "
b1111001000010000 2
#415
b1110111000110000 "
b1111000000111010 2
#416
b1110110000100011 "
b1110111000110000 2
#417
b1110100111100000 "
b1110110000100011 2
#418
b1110011110011111 "
b1110100111100000 2
#419
b1110010100100101 "
b1110011110011111 2
#420
b1110001010110001 "
b1110010100100101 2
#421
b1110000000000100 "
b1110001010110001 2
#422
b1101110101100000 "
b1110000000000100 2
#423
b1101101010100101 "
b1101110101100000 2
#424
b1101011110110000 "
b1101101010100101 2
#425
b1101010011001001 "
b1101011110110000 2
#426
b1101000110100111 "
b1101010011001001 2
#427
b1100111010010111 "
b1101000110100111 2
#428
b1100101101001100 "
b1100111010010111 2
#429
b1100100000010110 "
b1100101101001100 2
#430
b1100010010100100 "
b1100100000010110 2
#431
b1100000101001100 "
b1100010010100100 2
#432
b1011110110110111 "
b1100000101001100 2
#433
b1011101000111111 "
b1011110110110111 2
#434
b1011011010001100 "
b1011101000111111 2
#435
b1011001011111000 "
b1011011010001100 2
#436
b1010111100101001 "
b1011001011111000 2
#437
b1010101101111101 "
b1010111100101001 2
#438
b1010011110010111 "
b1010101101111101 2
#439
b1010001111010110 "
b1010011110010111 2
#440
b1001111111011100 "
b1010001111010110 2
#441
b1001110000001011 "
b1001111111011100 2
#442
b1001100000000001 "
b1001110000001011 2
#443
b1001010000100011 "
b1001100000000001 2
#444
b1001000000001110 "
b1001010000100011 2
#445
b1000110000100111 "
b1001000000001110 2
#446
b1000100000001011 "
b1000110000100111 2
#447
b1000010000011111 "
b1000100000001011 2
#448
b1000000000110010 "
b1000010000011111 2
#449
b111110000010010 "
b1000000000110010 2
#450
b111100000100110 "
b111110000010010 2
#451
b111010000001010 "
b111100000100110 2
#452
b111000000100011 "
b111010000001010 2
#453
b110110000001101 "
b111000000100011 2
#454
b110100000101111 "
b110110000001101 2
#455
b110010000100101 "
b110100000101111 2
#456
b110000001010011 "
b110010000100101 2
#457
b101110001011001 "
b110000001010011 2
#458
b101100010011000 "
b101110001011001 2
#459
b101010010110001 "
b101100010011000 2
#460
b101000100000101 "
b101010010110001 2
#461
b100110100110101 "
b101000100000101 2
#462
b100100110100001 "
b100110100110101 2
#463
b100010111101100 "
b100100110100001 2
#464
b100001001110100 "
b100010111101100 2
#465
b11111011011110 "
b100001001110100 2
#466
b11101110000101 "
b11111011011110 2
#467
b11100000010010 "
b11101110000101 2
#468
b11010011011100 "
b11100000010010 2
#469
b11000110001111 "
b11010011011100 2
#470
b10111001111110 "
b11000110001111 2
#471
b10101101011011 "
b10111001111110 2
#472
b10100001110100 "
b10101101011011 2
#473
b10010110100001 "
b10100001110100 2
#474
b10001011000010 "
b10010110100001 2
#475
b10000000011100 "
b10001011000010 2
#476
b1110101101110 "
b10000000011100 2
#477
b1101011111000 "
b1110101101110 2
#478
b1100001111110 "
b1101011111000 2
#479
b1011000111011 "
b1100001111110 2
#480
b1001111110111 "
b1011000111011 2
#481
b1000111101001 "
b1001111110111 2
#482
b111111011101 "
b1000111101001 2
#483
b111000000110 "
b111111011101 2
#484
b110000110101 "
b111000000110 2
#485
b101010010110 "
b110000110101 2
#486
b100100000001 "
b101010010110 2
#487
b11110011101 "
b100100000001 2
#488
b11001000111 "
b11110011101 2
#489
b10100011111 "
b11001000111 2
#490
b10000000111 "
b10100011111 2
#491
b1100011100 "
b10000000111 2
#492
b1001000110 "
b1100011100 2
#493
b110011000 "
b1001000110 2
#494
b100000011 "
b110011000 2
#495
b10010100 "
b100000011 2
#496
b1000001 "
b10010100 2
#497
b10001 "
b1000001 2
#498
b0 "
b10001 2
#499
b1111 "
b0 2
#500
b111110 "
b1111 2
#501
b10001111 "
b111110 2
#502
b11111101 "
b10001111 2
#503
b110010000 "
b11111101 2
#504
b1000111100 "
b110010000 2
#505
b1100010001 "
b1000111100 2
#506
b1111111011 "
b1100010001 2
#507
b10100010001 "
b1111111011 2
#508
b11000110111 "
b10100010001 2
#509
b11110001100 "
b11000110111 2
#510
b100011101111 "
b11110001100 2
#511
b101010000010 "
b100011101111 2
#512
b110000011111 "
b101010000010 2
#513
b110111101111 "
b110000011111 2
#514
b111111000101 "
b110111101111 2
#515
b1000111001111 "
b111111000101 2
#516
b1001111011100 "
b1000111001111 2
#517
b1011000011111 "
b1001111011100 2
#518
b1100001100000 "
b1011000011111 2
#519
b1101011011010 "
b1100001100000 2
#520
b1110101001110 "
b1101011011010 2
#521
b1111111111011 "
b1110101001110 2
#522
b10001010011111 "
b1111111111011 2
#523
b10010101011010 "
b10001010011111 2
#524
b10100001001111 "
b10010101011010 2
#525
b10101100110110 "
b10100001001111 2
#526
b10111001011000 "
b10101100110110 2
#527
b11000101101000 "
b10111001011000 2
#528
b11010010110011 "
b11000101101000 2
#529
b11011111101001 "
b11010010110011 2
#530
b11101101011011 "
b11011111101001 2
#531
b11111010110011 "
b11101101011011 2
#532
b100001001001000 "
b11111010110011 2
#533
b100010111000000 "
b100001001001000 2
#534
b100100101110011 "
b100010111000000 2
#535
b100110100000111 "
b100100101110011 2
#536
b101000011010110 "
b100110100000111 2
#537
b101010010000010 "
b101000011010110 2
#538
b101100001101000 "
b101010010000010 2
#539
b101110000101001 "
b101100001101000 2
#540
b110000000100011 "
b101110000101001 2
#541
b110001111110100 "
b110000000100011 2
#542
b110011111111110 "
b110001111110100 2
#543
b110101111011100 "
b110011111111110 2
#544
b110111111110001 "
b110101111011100 2
#545
b111001111011000 "
b110111111110001 2
#546
b111011111110100 "
b111001111011000 2
#547
b111101111100000 "
b111011111110100 2
#548
b111111111001101 "
b111101111100000 2
#549
b1000001111101101 "
b111111111001101 2
#550
b1000011111011001 "
b1000001111101101 2
#551
b1000101111110101 "
b1000011111011001 2
#552
b1000111111011100 "
b1000101111110101 2
#553
b1001001111110010 "
b1000111111011100 2
#554
b1001011111010000 "
b1001001111110010 2
#555
b1001101111011010 "
b1001011111010000 2
#556
b1001111110101100 "
b1001101111011010 2
#557
b1010001110100110 "
b1001111110101100 2
#558
b1010011101100111 "
b1010001110100110 2
#559
b1010101101001110 "
b1010011101100111 2
#560
b1010111011111010 "
b1010101101001110 2
#561
b1011001011001010 "
b1010111011111010 2
#562
b1011011001011110 "
b1011001011001010 2
#563
b1011101000010011 "
b1011011001011110 2
#564
b1011110110001011 "
b1011101000010011 2
#565
b1100000100100001 "
b1011110110001011 2
#566
b1100010001111010 "
b1100000100100001 2
#567
b1100011111101101 "
b1100010001111010 2
#568
b1100101100100011 "
b1100011111101101 2
#569
b1100111001110000 "
b1100101100100011 2
#570
b1101000110000001 "
b1100111001110000 2
#571
b1101010010100100 "
b1101000110000001 2
#572
b1101011110001011 "
b1101010010100100 2
#573
b1101101001011110 "
b1101011110001011 2
#574
b1101110100111101 "
b1101101001011110 2
#575
b1101111111100011 "
b1101110100111101 2
#576
b1110001010010001 "
b1101111111100011 2
#577
b1110010100000111 "
b1110001010010001 2
#578
b1110011110000001 "
b1110010100000111 2
#579
b1110100111000100 "
b1110011110000001 2
#580
b1110110000001000 "
b1110100111000100 2
#581
b1110111000010110 "
b1110110000001000 2
#582
b1111000000100010 "
b1110111000010110 2
#583
b1111000111111001 "
b1111000000100010 2
#584
b1111001111001010 "
b1111000111111001 2
#585
b1111010101101001 "
b1111001111001010 2
#586
b1111011011111110 "
b1111010101101001 2
#587
b1111100001100010 "
b1111011011111110 2
#588
b1111100110111000 "
b1111100001100010 2
#589
b1111101011100000 "
b1111100110111000 2
#590
b1111101111111000 "
b1111101011100000 2
#591
b1111110011100011 "
b1111101111111000 2
#592
b1111110110111001 "
b1111110011100011 2
#593
b1111111001100111 "
b1111110110111001 2
#594
b1111111011111100 "
b1111111001100111 2
#595
b1111111101101011 "
b1111111011111100 2
#596
b1111111110111110 "
b1111111101101011 2
#597
b1111111111101110 "
b1111111110111110 2
#598
b1111111111111111 "
b1111111111101110 2
#599
b1111111111110000 "
b1111111111111111 2
#600
b1111111111000001 "
b1111111111110000 2
#601
b1111111101110000 "
b1111111111000001 2
#602
b1111111100000010 "
b1111111101110000 2
#603
b1111111001101111 "
b1111111100000010 2
#604
b1111110111000011 "
b1111111001101111 2
#605
b1111110011101110 "
b1111110111000011 2
#606
b1111110000000100 "
b1111110011101110 2
#607
b1111101011101110 "
b1111110000000100 2
#608
b1111100111001000 "
b1111101011101110 2
#609
b1111100001110011 "
b1111100111001000 2
#610
b1111011100010000 "
b1111100001110011 2
#611
b1111010101111101 "
b1111011100010000 2
#612
b1111001111100000 "
b1111010101111101 2
#613
b1111001000010000 "
b1111001111100000 2
#614
b1111000000111010 "
b1111001000010000 2
#615
b1110111000110000 "
b1111000000111010 2
#616
b1110110000100011 "
b1110111000110000 2
#617
b1110100111100000 "
b1110110000100011 2
#618
b1110011110011111 "
b1110100111100000 2
#619
b1110010100100101 "
b1110011110011111 2
#620
b1110001010110001 "
b1110010100100101 2
#621
b1110000000000100 "
b1110001010110001 2
#622
b1101110101100000 "
b1110000000000100 2
#623
b1101101010100101 "
b1101110101100000 2
#624
b1101011110110000 "
b1101101010100101 2
#625
b1101010011001001 "
b1101011110110000 2
#626
b1101000110100111 "
b1101010011001001 2
#627
b1100111010010111 "
b1101000110100111 2
#628
b1100101101001100 "
b1100111010010111 2
#629
b1100100000010110 "
b1100101101001100 2
#630
b1100010010100100 "
b1100100000010110 2
#631
b1100000101001100 "
b1100010010100100 2
#632
b1011110110110111 "
b1100000101001100 2
#633
b1011101000111111 "
b1011110110110111 2
#634
b1011011010001100 "
b1011101000111111 2
#635
b1011001011111000 "
b1011011010001100 2
#636
b1010111100101001 "
b1011001011111000 2
#637
b1010101101111101 "
b1010111100101001 2
#638
b1010011110010111 "
b1010101101111101 2
#639
b1010001111010110 "
b1010011110010111 2
#640
b1001111111011100 "
b1010001111010110 2
#641
b1001110000001011 "
b1001111111011100 2
#642
b1001100000000001 "
b1001110000001011 2
#643
b1001010000100011 "
b1001100000000001 2
#644
b1001000000001110 "
b1001010000100011 2
#645
b1000110000100111 "
b1001000000001110 2
#646
b1000100000001011 "
b1000110000100111 2
#647
b1000010000011111 "
b1000100000001011 2
#648
b1000000000110010 "
b1000010000011111 2
#649
b111110000010010 "
b1000000000110010 2
#650
b111100000100110 "
b111110000010010 2
#651
b111010000001010 "
b111100000100110 2
#652
b111000000100011 "
b111010000001010 2
#653
b110110000001101 "
b111000000100011 2
#654
b110100000101111 "
b110110000001101 2
#655
b110010000100101 "
b110100000101111 2
#656
b110000001010011 "
b110010000100101 2
#657
b101110001011001 "
b110000001010011 2
#658
b101100010011000 "
b101110001011001 2
#659
b101010010110001 "
b101100010011000 2
#660
b101000100000101 "
b101010010110001 2
#661
b100110100110101 "
b101000100000101 2
#662
b100100110100001 "
b100110100110101 2
#663
b100010111101100 "
b100100110100001 2
#664
b100001001110100 "
b100010111101100 2
#665
b11111011011110 "
b100001001110100 2
#666
b11101110000101 "
b11111011011110 2
#667
b11100000010010 "
b11101110000101 2
#668
b11010011011100 "
b11100000010010 2
#669
b11000110001111 "
b11010011011100 2
#670
b10111001111110 "
b11000110001111 2
#671
b10101101011011 "
b10111001111110 2
#672
b10100001110100 "
b10101101011011 2
#673
b10010110100001 "
b10100001110100 2
#674
b10001011000010 "
b10010110100001 2
#675
b10000000011100 "
b10001011000010 2
#676
b1110101101110 "
b10000000011100 2
#677
b1101011111000 "
b1110101101110 2
#678
b1100001111110 "
b1101011111000 2
#679
b1011000111011 "
b1100001111110 2
#680
b1001111110111 "
b1011000111011 2
#681
b1000111101001 "
b1001111110111 2
#682
b111111011101 "
b1000111101001 2
#683
b111000000110 "
b111111011101 2
#684
b110000110101 "
b111000000110 2
#685
b101010010110 "
b110000110101 2
#686
b100100000001 "
b101010010110 2
#687
b11110011101 "
b100100000001 2
#688
b11001000111 "
b11110011101 2
#689
b10100011111 "
b11001000111 2
#690
b10000000111 "
b10100011111 2
#691
b1100011100 "
b10000000111 2
#692
b1001000110 "
b1100011100 2
#693
b110011000 "
b1001000110 2
#694
b100000011 "
b110011000 2
#695
b10010100 "
b100000011 2
#696
b1000001 "
b10010100 2
#697
b10001 "
b1000001 2
#698
b0 "
b10001 2
#699
b1111 "
b0 2
#700
b111110 "
b1111 2
#701
b10001111 "
b111110 2
#702
b11111101 "
b10001111 2
#703
b110010000 "
b11111101 2
#704
b1000111100 "
b110010000 2
#705
b1100010001 "
b1000111100 2
#706
b1111111011 "
b1100010001 2
#707
b10100010001 "
b1111111011 2
#708
b11000110111 "
b10100010001 2
#709
b11110001100 "
b11000110111 2
#710
b100011101111 "
b11110001100 2
#711
b101010000010 "
b100011101111 2
#712
b110000011111 "
b101010000010 2
#713
b110111101111 "
b110000011111 2
#714
b111111000101 "
b110111101111 2
#715
b1000111001111 "
b111111000101 2
#716
b1001111011100 "
b1000111001111 2
#717
b1011000011111 "
b1001111011100 2
#718
b1100001100000 "
b1011000011111 2
#719
b1101011011010 "
b1100001100000 2
#720
b1110101001110 "
b1101011011010 2
#721
b1111111111011 "
b1110101001110 2
#722
b10001010011111 "
b1111111111011 2
#723
b10010101011010 "
b10001010011111 2
#724
b10100001001111 "
b10010101011010 2
#725
b10101100110110 "
b10100001001111 2
#726
b10111001011000 "
b10101100110110 2
#727
b11000101101000 "
b10111001011000 2
#728
b11010010110011 "
b11000101101000 2
#729
b11011111101001 "
b11010010110011 2
#730
b11101101011011 "
b11011111101001 2
#731
b11111010110011 "
b11101101011011 2
#732
b100001001001000 "
b11111010110011 2
#733
b100010111000000 "
b100001001001000 2
#734
b100100101110011 "
b100010111000000 2
#735
b100110100000111 "
b100100101110011 2
#736
b101000011010110 "
b100110100000111 2
#737
b101010010000010 "
b101000011010110 2
#738
b101100001101000 "
b101010010000010 2
#739
b101110000101001 "
b101100001101000 2
#740
b110000000100011 "
b101110000101001 2
#741
b110001111110100 "
b110000000100011 2
#742
b110011111111110 "
b110001111110100 2
#743
b110101111011100 "
b110011111111110 2
#744
b110111111110001 "
b110101111011100 2
#745
b111001111011000 "
b110111111110001 2
#746
b111011111110100 "
b111001111011000 2
#747
b111101111100000 "
b111011111110100 2
#748
b111111111001101 "
b111101111100000 2
#749
b1000001111101101 "
b111111111001101 2
#750
b1000011111011001 "
b1000001111101101 2
#751
b1000101111110101 "
b1000011111011001 2
#752
b1000111111011100 "
b1000101111110101 2
#753
b1001001111110010 "
b1000111111011100 2
#754
b1001011111010000 "
b1001001111110010 2
#755
b1001101111011010 "
b1001011111010000 2
#756
b1001111110101100 "
b1001101111011010 2
#757
b1010001110100110 "
b1001111110101100 2
#758
b1010011101100111 "
b1010001110100110 2
#759
b1010101101001110 "
b1010011101100111 2
#760
b1010111011111010 "
b1010101101001110 2
#761
b1011001011001010 "
b1010111011111010 2
#762
b1011011001011110 "
b1011001011001010 2
#763
b1011101000010011 "
b1011011001011110 2
#764
b1011110110001011 "
b1011101000010011 2
#765
b1100000100100001 "
b1011110110001011 2
#766
b1100010001111010 "
b1100000100100001 2
#767
b1100011111101101 "
b1100010001111010 2
#768
b1100101100100011 "
b1100011111101101 2
#769
b1100111001110000 "
b1100101100100011 2
#770
b1101000110000001 "
b1100111001110000 2
#771
b1101010010100100 "
b1101000110000001 2
#772
b1101011110001011 "
b1101010010100100 2
#773
b1101101001011110 "
b1101011110001011 2
#774
b1101110100111101 "
b1101101001011110 2
#775
b1101111111100011 "
b1101110100111101 2
#776
b1110001010010001 "
b1101111111100011 2
#777
b1110010100000111 "
b1110001010010001 2
#778
b1110011110000001 "
b1110010100000111 2
#779
b1110100111000100 "
b1110011110000001 2
#780
b1110110000001000 "
b1110100111000100 2
#781
b1110111000010110 "
b1110110000001000 2
#782
b1111000000100010 "
b1110111000010110 2
#783
b1111000111111001 "
b1111000000100010 2
#784
b1111001111001010 "
b1111000111111001 2
#785
b1111010101101001 "
b1111001111001010 2
#786
b1111011011111110 "
b1111010101101001 2
#787
b1111100001100010 "
b1111011011111110 2
#788
b1111100110111000 "
b1111100001100010 2
#789
b1111101011100000 "
b1111100110111000 2
#790
b1111101111111000 "
b1111101011100000 2
#791
b1111110011100011 "
b1111101111111000 2
#792
b1111110110111001 "
b1111110011100011 2
#793
b1111111001100111 "
b1111110110111001 2
#794
b1111111011111100 "
b1111111001100111 2
#795
b1111111101101011 "
b1111111011111100 2
#796
b1111111110111110 "
b1111111101101011 2
#797
b1111111111101110 "
b1111111110111110 2
#798
b1111111111111111 "
b1111111111101110 2
#799
b1111111111110000 "
b1111111111111111 2
#800
b1111111111000001 "
b1111111111110000 2
#801
b1111111101110000 "
b1111111111000001 2
#802
b1111111100000010 "
b1111111101110000 2
#803
b1111111001101111 "
b1111111100000010 2
#804
b1111110111000011 "
b1111111001101111 2
#805
b1111110011101110 "
b1111110111000011 2
#806
b1111110000000100 "
b1111110011101110 2
#807
b1111101011101110 "
b1111110000000100 2
#808
b1111100111001000 "
b1111101011101110 2
#809
b1111100001110011 "
b1111100111001000 2
#810
b1111011100010000 "
b1111100001110011 2
#811
b1111010101111101 "
b1111011100010000 2
#812
b1111001111100000 "
b1111010101111101 2
#813
b1111001000010000 "
b1111001111100000 2
#814
b1111000000111010 "
b1111001000010000 2
#815
b1110111000110000 "
b1111000000111010 2
#816
b1110110000100011 "
b1110111000110000 2
#817
b1110100111100000 "
b1110110000100011 2
#818
b1110011110011111 "
b1110100111100000 2
#819
b1110010100100101 "
b1110011110011111 2
#820
b1110001010110001 "
b1110010100100101 2
#821
b1110000000000100 "
b1110001010110001 2
#822
b1101110101100000 "
b1110000000000100 2
#823
b1101101010100101 "
b1101110101100000 2
#824
b1101011110110000 "
b1101101010100101 2
#825
b1101010011001001 "
b1101011110110000 2
#826
b1101000110100111 "
b1101010011001001 2
#827
b1100111010010111 "
b1101000110100111 2
#828
b1100101101001100 "
b1100111010010111 2
#829
b1100100000010110 "
b1100101101001100 2
#830
b1100010010100100 "
b1100100000010110 2
#831
b1100000101001100 "
b1100010010100100 2
#832
b1011110110110111 "
b1100000101001100 2
#833
b1011101000111111 "
b1011110110110111 2
#834
b1011011010001100 "
b1011101000111111 2
#835
b1011001011111000 "
b1011011010001100 2
#836
b1010111100101001 "
b1011001011111000 2
#837
b1010101101111101 "
b1010111100101001 2
#838
b1010011110010111 "
b1010101101111101 2
#839
b1010001111010110 "
b1010011110010111 2
#840
b1001111111011100 "
b1010001111010110 2
#841
b1001110000001011 "
b1001111111011100 2
#842
b1001100000000001 "
b1001110000001011 2
#843
b1001010000100011 "
b1001100000000001 2
#844
b1001000000001110 "
b1001010000100011 2
#845
b1000110000100111 "
b1001000000001110 2
#846
b1000100000001011 "
b1000110000100111 2
#847
b1000010000011111 "
b1000100000001011 2
#848
b1000000000110010 "
b1000010000011111 2
#849
b111110000010010 "
b1000000000110010 2
#850
b111100000100110 "
b111110000010010 2
#851
b111010000001010 "
b111100000100110 2
#852
b111000000100011 "
b111010000001010 2
#853
b110110000001101 "
b111000000100011 2
#854
b110100000101111 "
b110110000001101 2
#855
b110010000100101 "
b110100000101111 2
#856
b110000001010011 "
b110010000100101 2
#857
b101110001011001 "
b110000001010011 2
#858
b101100010011000 "
b101110001011001 2
#859
b101010010110001 "
b101100010011000 2
#860
b101000100000101 "
b101010010110001 2
#861
b100110100110101 "
b101000100000101 2
#862
b100100110100001 "
b100110100110101 2
#863
b100010111101100 "
b100100110100001 2
#864
b100001001110100 "
b100010111101100 2
#865
b11111011011110 "
b100001001110100 2
#866
b11101110000101 "
b11111011011110 2
#867
b11100000010010 "
b11101110000101 2
#868
b11010011011100 "
b11100000010010 2
#869
b11000110001111 "
b11010011011100 2
#870
b10111001111110 "
b11000110001111 2
#871
b10101101011011 "
b10111001111110 2
#872
b10100001110100 "
b10101101011011 2
#873
b10010110100001 "
b10100001110100 2
#874
b10001011000010 "
b10010110100001 2
#875
b10000000011100 "
b10001011000010 2
#876
b1110101101110 "
b10000000011100 2
#877
b1101011111000 "
b1110101101110 2
#878
b1100001111110 "
b1101011111000 2
#879
b1011000111011 "
b1100001111110 2
#880
b1001111110111 "
b1011000111011 2
#881
b1000111101001 "
b1001111110111 2
#882
b111111011101 "
b1000111101001 2
#883
b111000000110 "
b111111011101 2
#884
b110000110101 "
b111000000110 2
#885
b101010010110 "
b110000110101 2
#886
b100100000001 "
b101010010110 2
#887
b11110011101 "
b100100000001 2
#888
b11001000111 "
b11110011101 2
#889
b10100011111 "
b11001000111 2
#890
b10000000111 "
b10100011111 2
#891
b1100011100 "
b10000000111 2
#892
b1001000110 "
b1100011100 2
#893
b110011000 "
b1001000110 2
#894
b100000011 "
b110011000 2
#895
b10010100 "
b100000011 2
#896
b1000001 "
b10010100 2
#897
b10001 "
b1000001 2
#898
b0 "
b10001 2
#899
b1111 "
b0 2
#900
b111110 "
b1111 2
#901
b10001111 "
b111110 2
#902
b11111101 "
b10001111 2
#903
b110010000 "
b11111101 2
#904
b1000111100 "
b110010000 2
#905
b1100010001 "
b1000111100 2
#906
b1111111011 "
b1100010001 2
#907
b10100010001 "
b1111111011 2
#908
b11000110111 "
b10100010001 2
#909
b11110001100 "
b11000110111 2
#910
b100011101111 "
b11110001100 2
#911
b101010000010 "
b100011101111 2
#912
b110000011111 "
b101010000010 2
#913
b110111101111 "
b110000011111 2
#914
b111111000101 "
b110111101111 2
#915
b1000111001111 "
b111111000101 2
#916
b1001111011100 "
b1000111001111 2
#917
b1011000011111 "
b1001111011100 2
#918
b1100001100000 "
b1011000011111 2
#919
b1101011011010 "
b1100001100000 2
#920
b1110101001110 "
b1101011011010 2
#921
b1111111111011 "
b1110101001110 2
#922
b10001010011111 "
b1111111111011 2
#923
b10010101011010 "
b10001010011111 2
#924
b10100001001111 "
b10010101011010 2
#925
b10101100110110 "
b10100001001111 2
#926
b10111001011000 "
b10101100110110 2
#927
b11000101101000 "
b10111001011000 2
#928
b11010010110011 "
b11000101101000 2
#929
b11011111101001 "
b11010010110011 2
#930
b11101101011011 "
b11011111101001 2
#931
b11111010110011 "
b11101101011011 2
#932
b100001001001000 "
b11111010110011 2
#933
b100010111000000 "
b100001001001000 2
#934
b100100101110011 "
b100010111000000 2
#935
b100110100000111 "
b100100101110011 2
#936
b101000011010110 "
b100110100000111 2
#937
b101010010000010 "
b101000011010110 2
#938
b101100001101000 "
b101010010000010 2
#939
b101110000101001 "
b101100001101000 2
#940
b110000000100011 "
b101110000101001 2
#941
b110001111110100 "
b110000000100011 2
#942
b110011111111110 "
b110001111110100 2
#943
b110101111011100 "
b110011111111110 2
#944
b110111111110001 "
b110101111011100 2
#945
b111001111011000 "
b110111111110001 2
#946
b111011111110100 "
b111001111011000 2
#947
b111101111100000 "
b111011111110100 2
#948
b111111111001101 "
b111101111100000 2
#949
b1000001111101101 "
b111111111001101 2
#950
b1000011111011001 "
b1000001111101101 2
#951
b1000101111110101 "
b1000011111011001 2
#952
b1000111111011100 "
b1000101111110101 2
#953
b1001001111110010 "
b1000111111011100 2
#954
b1001011111010000 "
b1001001111110010 2
#955
b1001101111011010 "
b1001011111010000 2
#956
b1001111110101100 "
b1001101111011010 2
#957
b1010001110100110 "
b1001111110101100 2
#958
b1010011101100111 "
b1010001110100110 2
#959
b1010101101001110 "
b1010011101100111 2
#960
b1010111011111010 "
b1010101101001110 2
#961
b1011001011001010 "
b1010111011111010 2
#962
b1011011001011110 "
b1011001011001010 2
#963
b1011101000010011 "
b1011011001011110 2
#964
b1011110110001011 "
b1011101000010011 2
#965
b1100000100100001 "
b1011110110001011 2
#966
b1100010001111010 "
b1100000100100001 2
#967
b1100011111101101 "
b1100010001111010 2
#968
b1100101100100011 "
b1100011111101101 2
#969
b1100111001110000 "
b1100101100100011 2
#970
b1101000110000001 "
b1100111001110000 2
#971
b1101010010100100 "
b1101000110000001 2
#972
b1101011110001011 "
b1101010010100100 2
#973
b1101101001011110 "
b1101011110001011 2
#974
b1101110100111101 "
b1101101001011110 2
#975
b1101111111100011 "
b1101110100111101 2
#976
b1110001010010001 "
b1101111111100011 2
#977
b1110010100000111 "
b1110001010010001 2
#978
b1110011110000001 "
b1110010100000111 2
#979
b1110100111000100 "
b1110011110000001 2
#980
b1110110000001000 "
b1110100111000100 2
#981
b1110111000010110 "
b1110110000001000 2
#982
b1111000000100010 "
b1110111000010110 2
#983
b1111000111111001 "
b1111000000100010 2
#984
b1111001111001010 "
b1111000111111001 2
#985
b1111010101101001 "
b1111001111001010 2
#986
b1111011011111110 "
b1111010101101001 2
#987
b1111100001100010 "
b1111011011111110 2
#988
b1111100110111000 "
b1111100001100010 2
#989
b1111101011100000 "
b1111100110111000 2
#990
b1111101111111000 "
b1111101011100000 2
#991
b1111110011100011 "
b1111101111111000 2
#992
b1111110110111001 "
b1111110011100011 2
#993
b1111111001100111 "
b1111110110111001 2
#994
b1111111011111100 "
b1111111001100111 2
#995
b1111111101101011 "
b1111111011111100 2
#996
b1111111110111110 "
b1111111101101011 2
#997
b1111111111101110 "
b1111111110111110 2
#998
b1111111111111111 "
b1111111111101110 2
#999
b1111111111110000 "
b1111111111111111 2
#1000
b1111111111000001 "
b1111111111110000 2
#1001
b1111111101110000 "
b1111111111000001 2
#1002
b1111111100000010 "
b1111111101110000 2
#1003
b1111111001101111 "
b1111111100000010 2
#1004
b1111110111000011 "
b1111111001101111 2
#1005
b1111110011101110 "
b1111110111000011 2
#1006
b1111110000000100 "
b1111110011101110 2
#1007
b1111101011101110 "
b1111110000000100 2
#1008
b1111100111001000 "
b1111101011101110 2
#1009
b1111100001110011 "
b1111100111001000 2
#1010
b1111011100010000 "
b1111100001110011 2
#1011
b1111010101111101 "
b1111011100010000 2
#1012
b1111001111100000 "
b1111010101111101 2
#1013
b1111001000010000 "
b1111001111100000 2
#1014
b1111000000111010 "
b1111001000010000 2
#1015
b1110111000110000 "
b1111000000111010 2
#1016
b1110110000100011 "
b1110111000110000 2
#1017
b1110100111100000 "
b1110110000100011 2
#1018
b1110011110011111 "
b1110100111100000 2
#1019
b1110010100100101 "
b1110011110011111 2
#1020
b1110001010110001 "
b1110010100100101 2
#1021
b1110000000000100 "
b1110001010110001 2
#1022
b1101110101100000 "
b1110000000000100 2
#1023
b1101101010100101 "
b1101110101100000 2
#1024
b1101011110110000 "
b1101101010100101 2
#1025
b1101010011001001 "
b1101011110110000 2
#1026
b1101000110100111 "
b1101010011001001 2
#1027
b1100111010010111 "
b1101000110100111 2
#1028
b1100101101001100 "
b1100111010010111 2
#1029
b1100100000010110 "
b1100101101001100 2
#1030
b1100010010100100 "
b1100100000010110 2
#1031
b1100000101001100 "
b1100010010100100 2
#1032
b1011110110110111 "
b1100000101001100 2
#1033
b1011101000111111 "
b1011110110110111 2
#1034
b1011011010001100 "
b1011101000111111 2
#1035
b1011001011111000 "
b1011011010001100 2
#1036
b1010111100101001 "
b1011001011111000 2
#1037
b1010101101111101 "
b1010111100101001 2
#1038
b1010011110010111 "
b1010101101111101 2
#1039
b1010001111010110 "
b1010011110010111 2
#1040
b1001111111011100 "
b1010001111010110 2
#1041
b1001110000001011 "
b1001111111011100 2
#1042
b1001100000000001 "
b1001110000001011 2
#1043
b1001010000100011 "
b1001100000000001 2
#1044
b1001000000001110 "
b1001010000100011 2
#1045
b1000110000100111 "
b1001000000001110 2
#1046
b1000100000001011 "
b1000110000100111 2
#1047
b1000010000011111 "
b1000100000001011 2
#1048
b1000000000110010 "
b1000010000011111 2
#1049
b111110000010010 "
b1000000000110010 2
#1050
b111100000100110 "
b111110000010010 2
#1051
b111010000001010 "
b111100000100110 2
#1052
b111000000100011 "
b111010000001010 2
#1053
b110110000001101 "
b111000000100011 2
#1054
b110100000101111 "
b110110000001101 2
#1055
b110010000100101 "
b110100000101111 2
#1056
b110000001010011 "
b110010000100101 2
#1057
b101110001011001 "
b110000001010011 2
#1058
b101100010011000 "
b101110001011001 2
#1059
b101010010110001 "
b101100010011000 2
#1060
b101000100000101 "
b101010010110001 2
#1061
b100110100110101 "
b101000100000101 2
#1062
b100100110100001 "
b100110100110101 2
#1063
b100010111101100 "
b100100110100001 2
#1064
b100001001110100 "
b100010111101100 2
#1065
b11111011011110 "
b100001001110100 2
#1066
b11101110000101 "
b11111011011110 2
#1067
b11100000010010 "
b11101110000101 2
#1068
b11010011011100 "
b11100000010010 2
#1069
b11000110001111 "
b11010011011100 2
#1070
b10111001111110 "
b11000110001111 2
#1071
b10101101011011 "
b10111001111110 2
#1072
b10100001110100 "
b10101101011011 2
#1073
b10010110100001 "
b10100001110100 2
#1074
b10001011000010 "
b10010110100001 2
#1075
b10000000011100 "
b10001011000010 2
#1076
b1110101101110 "
b10000000011100 2
#1077
b1101011111000 "
b1110101101110 2
#1078
b1100001111110 "
b1101011111000 2
#1079
b1011000111011 "
b1100001111110 2
#1080
b1001111110111 "
b1011000111011 2
#1081
b1000111101001 "
b1001111110111 2
#1082
b111111011101 "
b1000111101001 2
#1083
b111000000110 "
b111111011101 2
#1084
b110000110101 "
b111000000110 2
#1085
b101010010110 "
b110000110101 2
#1086
b100100000001 "
b101010010110 2
#1087
b11110011101 "
b100100000001 2
#1088
b11001000111 "
b11110011101 2
#1089
b10100011111 "
b11001000111 2
#1090
b10000000111 "
b10100011111 2
#1091
b1100011100 "
b10000000111 2
#1092
b1001000110 "
b1100011100 2
#1093
b110011000 "
b1001000110 2
#1094
b100000011 "
b110011000 2
#1095
b10010100 "
b100000011 2
#1096
b1000001 "
b10010100 2
#1097
b10001 "
b1000001 2
#1098
b0 "
b10001 2
#1099
b1111 "
b0 2
#1100
b111110 "
b1111 2
#1101
b10001111 "
b111110 2
#1102
b11111101 "
b10001111 2
#1103
b110010000 "
b11111101 2
#1104
b1000111100 "
b110010000 2
#1105
b1100010001 "
b1000111100 2
#1106
b1111111011 "
b1100010001 2
#1107
b10100010001 "
b1111111011 2
#1108
b11000110111 "
b10100010001 2
#1109
b11110001100 "
b11000110111 2
#1110
b100011101111 "
b11110001100 2
#1111
b101010000010 "
b100011101111 2
#1112
b110000011111 "
b101010000010 2
#1113
b110111101111 "
b110000011111 2
#1114
b111111000101 "
b110111101111 2
#1115
b1000111001111 "
b111111000101 2
#1116
b1001111011100 "
b1000111001111 2
#1117
b1011000011111 "
b1001111011100 2
#1118
b1100001100000 "
b1011000011111 2
#1119
b1101011011010 "
b1100001100000 2
#1120
b1110101001110 "
b1101011011010 2
#1121
b1111111111011 "
b1110101001110 2
#1122
b10001010011111 "
b1111111111011 2
#1123
b10010101011010 "
b10001010011111 2
#1124
b10100001001111 "
b10010101011010 2
#1125
b10101100110110 "
b10100001001111 2
#1126
b10111001011000 "
b10101100110110 2
#1127
b11000101101000 "
b10111001011000 2
#1128
b11010010110011 "
b11000101101000 2
#1129
b11011111101001 "
b11010010110011 2
#1130
b11101101011011 "
b11011111101001 2
#1131
b11111010110011 "
b11101101011011 2
#1132
b100001001001000 "
b11111010110011 2
#1133
b100010111000000 "
b100001001001000 2
#1134
b100100101110011 "
b100010111000000 2
#1135
b100110100000111 "
b100100101110011 2
#1136
b101000011010110 "
b100110100000111 2
#1137
b101010010000010 "
b101000011010110 2
#1138
b101100001101000 "
b101010010000010 2
#1139
b101110000101001 "
b101100001101000 2
#1140
b110000000100011 "
b101110000101001 2
#1141
b110001111110100 "
b110000000100011 2
#1142
b110011111111110 "
b110001111110100 2
#1143
b110101111011100 "
b110011111111110 2
#1144
b110111111110001 "
b110101111011100 2
#1145
b111001111011000 "
b110111111110001 2
#1146
b111011111110100 "
b111001111011000 2
#1147
b111101111100000 "
b111011111110100 2
#1148
b111111111001101 "
b111101111100000 2
#1149
b1000001111101101 "
b111111111001101 2
#1150
b1000011111011001 "
b1000001111101101 2
#1151
b1000101111110101 "
b1000011111011001 2
#1152
b1000111111011100 "
b1000101111110101 2
#1153
b1001001111110010 "
b1000111111011100 2
#1154
b1001011111010000 "
b1001001111110010 2
#1155
b1001101111011010 "
b1001011111010000 2
#1156
b1001111110101100 "
b1001101111011010 2
#1157
b1010001110100110 "
b1001111110101100 2
#1158
b1010011101100111 "
b1010001110100110 2
#1159
b1010101101001110 "
b1010011101100111 2
#1160
b1010111011111010 "
b1010101101001110 2
#1161
b1011001011001010 "
b1010111011111010 2
#1162
b1011011001011110 "
b1011001011001010 2
#1163
b1011101000010011 "
b1011011001011110 2
#1164
b1011110110001011 "
b1011101000010011 2
#1165
b1100000100100001 "
b1011110110001011 2
#1166
b1100010001111010 "
b1100000100100001 2
#1167
b1100011111101101 "
b1100010001111010 2
#1168
b1100101100100011 "
b1100011111101101 2
#1169
b1100111001110000 "
b1100101100100011 2
#1170
b1101000110000001 "
b1100111001110000 2
#1171
b1101010010100100 "
b1101000110000001 2
#1172
b1101011110001011 "
b1101010010100100 2
#1173
b1101101001011110 "
b1101011110001011 2
#1174
b1101110100111101 "
b1101101001011110 2
#1175
b1101111111100011 "
b1101110100111101 2
#1176
b1110001010010001 "
b1101111111100011 2
#1177
b1110010100000111 "
b1110001010010001 2
#1178
b1110011110000001 "
b1110010100000111 2
#1179
b1110100111000100 "
b1110011110000001 2
#1180
b1110110000001000 "
b1110100111000100 2
#1181
b1110111000010110 "
b1110110000001000 2
#1182
b1111000000100010 "
b1110111000010110 2
#1183
b1111000111111001 "
b1111000000100010 2
#1184
b1111001111001010 "
b1111000111111001 2
#1185
b1111010101101001 "
b1111001111001010 2
#1186
b1111011011111110 "
b1111010101101001 2
#1187
b1111100001100010 "
b1111011011111110 2
#1188
b1111100110111000 "
b1111100001100010 2
#1189
b1111101011100000 "
b1111100110111000 2
#1190
b1111101111111000 "
b1111101011100000 2
#1191
b1111110011100011 "
b1111101111111000 2
#1192
b1111110110111001 "
b1111110011100011 2
#1193
b1111111001100111 "
b1111110110111001 2
#1194
b1111111011111100 "
b1111111001100111 2
#1195
b1111111101101011 "
b1111111011111100 2
#1196
b1111111110111110 "
b1111111101101011 2
#1197
b1111111111101110 "
b1111111110111110 2
#1198
b1111111111111111 "
b1111111111101110 2
#1199
b1111111111110000 "
b1111111111111111 2
#1200
b1111111111000001 "
b1111111111110000 2
#1201
b1111111101110000 "
b1111111111000001 2
#1202
b1111111100000010 "
b1111111101110000 2
#1203
b1111111001101111 "
b1111111100000010 2
#1204
b1111110111000011 "
b1111111001101111 2
#1205
b1111110011101110 "
b1111110111000011 2
#1206
b1111110000000100 "
b1111110011101110 2
#1207
b1111101011101110 "
b1111110000000100 2
#1208
b1111100111001000 "
b1111101011101110 2
#1209
b1111100001110011 "
b1111100111001000 2
#1210
b1111011100010000 "
b1111100001110011 2
#1211
b1111010101111101 "
b1111011100010000 2
#1212
b1111001111100000 "
b1111010101111101 2
#1213
b1111001000010000 "
b1111001111100000 2
#1214
b1111000000111010 "
b1111001000010000 2
#1215
b1110111000110000 "
b1111000000111010 2
#1216
b1110110000100011 "
b1110111000110000 2
#1217
b1110100111100000 "
b1110110000100011 2
#1218
b1110011110011111 "
b1110100111100000 2
#1219
b1110010100100101 "
b1110011110011111 2
#1220
b1110001010110001 "
b1110010100100101 2
#1221
b1110000000000100 "
b1110001010110001 2
#1222
b1101110101100000 "
b1110000000000100 2
#1223
b1101101010100101 "
b1101110101100000 2
#1224
b1101011110110000 "
b1101101010100101 2
#1225
b1101010011001001 "
b1101011110110000 2
#1226
b1101000110100111 "
b1101010011001001 2
#1227
b1100111010010111 "
b1101000110100111 2
#1228
b1100101101001100 "
b1100111010010111 2
#1229
b1100100000010110 "
b1100101101001100 2
#1230
b1100010010100100 "
b1100100000010110 2
#1231
b1100000101001100 "
b1100010010100100 2
#1232
b1011110110110111 "
b1100000101001100 2
#1233
b1011101000111111 "
b1011110110110111 2
#1234
b1011011010001100 "
b1011101000111111 2
#1235
b1011001011111000 "
b1011011010001100 2
#1236
b1010111100101001 "
b1011001011111000 2
#1237
b1010101101111101 "
b1010111100101001 2
#1238
b1010011110010111 "
b1010101101111101 2
#1239
b1010001111010110 "
b1010011110010111 2
#1240
b1001111111011100 "
b1010001111010110 2
#1241
b1001110000001011 "
b1001111111011100 2
#1242
b1001100000000001 "
b1001110000001011 2
#1243
b1001010000100011 "
b1001100000000001 2
#1244
b1001000000001110 "
b1001010000100011 2
#1245
b1000110000100111 "
b1001000000001110 2
#1246
b1000100000001011 "
b1000110000100111 2
#1247
b1000010000011111 "
b1000100000001011 2
#1248
b1000000000110010 "
b1000010000011111 2
#1249
b111110000010010 "
b1000000000110010 2
#1250
b111100000100110 "
b111110000010010 2
#1251
b111010000001010 "
b111100000100110 2
#1252
b111000000100011 "
b111010000001010 2
#1253
b110110000001101 "
b111000000100011 2
#1254
b110100000101111 "
b110110000001101 2
#1255
b110010000100101 "
b110100000101111 2
#1256
b110000001010011 "
b110010000100101 2
#1257
b101110001011001 "
b110000001010011 2
#1258
b101100010011000 "
b101110001011001 2
#1259
b101010010110001 "
b101100010011000 2
#1260
b101000100000101 "
b101010010110001 2
#1261
b100110100110101 "
b101000100000101 2
#1262
b100100110100001 "
b100110100110101 2
#1263
b100010111101100 "
b100100110100001 2
#1264
b100001001110100 "
b100010111101100 2
#1265
b11111011011110 "
b100001001110100 2
#1266
b11101110000101 "
b11111011011110 2
#1267
b11100000010010 "
b11101110000101 2
#1268
b11010011011100 "
b11100000010010 2
#1269
b11000110001111 "
b11010011011100 2
#1270
b10111001111110 "
b11000110001111 2
#1271
b10101101011011 "
b10111001111110 2
#1272
b10100001110100 "
b10101101011011 2
#1273
b10010110100001 "
b10100001110100 2
#1274
b10001011000010 "
b10010110100001 2
#1275
b10000000011100 "
b10001011000010 2
#1276
b1110101101110 "
b10000000011100 2
#1277
b1101011111000 "
b1110101101110 2
#1278
b1100001111110 "
b1101011111000 2
#1279
b1011000111011 "
b1100001111110 2
#1280
b1001111110111 "
b1011000111011 2
#1281
b1000111101001 "
b1001111110111 2
#1282
b111111011101 "
b1000111101001 2
#1283
b111000000110 "
b111111011101 2
#1284
b110000110101 "
b111000000110 2
#1285
b101010010110 "
b110000110101 2
#1286
b100100000001 "
b101010010110 2
#1287
b11110011101 "
b100100000001 2
#1288
b11001000111 "
b11110011101 2
#1289
b10100011111 "
b11001000111 2
#1290
b10000000111 "
b10100011111 2
#1291
b1100011100 "
b10000000111 2
#1292
b1001000110 "
b1100011100 2
#1293
b110011000 "
b1001000110 2
#1294
b100000011 "
b110011000 2
#1295
b10010100 "
b100000011 2
#1296
b1000001 "
b10010100 2
#1297
b10001 "
b1000001 2
#1298
b0 "
b10001 2
#1299
b1111 "
b0 2
#1300
b111110 "
b1111 2
#1301
b10001111 "
b111110 2
#1302
b11111101 "
b10001111 2
#1303
b110010000 "
b11111101 2
#1304
b1000111100 "
b110010000 2
#1305
b1100010001 "
b1000111100 2
#1306
b1111111011 "
b1100010001 2
#1307
b10100010001 "
b1111111011 2
#1308
b11000110111 "
b10100010001 2
#1309
b11110001100 "
b11000110111 2
#1310
b100011101111 "
b11110001100 2
#1311
b101010000010 "
b100011101111 2
#1312
b110000011111 "
b101010000010 2
#1313
b110111101111 "
b110000011111 2
#1314
b111111000101 "
b110111101111 2
#1315
b1000111001111 "
b111111000101 2
#1316
b1001111011100 "
b1000111001111 2
#1317
b1011000011111 "
b1001111011100 2
#1318
b1100001100000 "
b1011000011111 2
#1319
b1101011011010 "
b1100001100000 2
#1320
b1110101001110 "
b1101011011010 2
#1321
b1111111111011 "
b1110101001110 2
#1322
b10001010011111 "
b1111111111011 2
#1323
b10010101011010 "
b10001010011111 2
#1324
b10100001001111 "
b10010101011010 2
#1325
b10101100110110 "
b10100001001111 2
#1326
b10111001011000 "
b10101100110110 2
#1327
b11000101101000 "
b10111001011000 2
#1328
b11010010110011 "
b11000101101000 2
#1329
b11011111101001 "
b11010010110011 2
#1330
b11101101011011 "
b11011111101001 2
#1331
b11111010110011 "
b11101101011011 2
#1332
b100001001001000 "
b11111010110011 2
#1333
b100010111000000 "
b100001001001000 2
#1334
b100100101110011 "
b100010111000000 2
#1335
b100110100000111 "
b100100101110011 2
#1336
b101000011010110 "
b100110100000111 2
#1337
b101010010000010 "
b101000011010110 2
#1338
b101100001101000 "
b101010010000010 2
#1339
b101110000101001 "
b101100001101000 2
#1340
b110000000100011 "
b101110000101001 2
#1341
b110001111110100 "
b110000000100011 2
#1342
b110011111111110 "
b110001111110100 2
#1343
b110101111011100 "
b110011111111110 2
#1344
b110111111110001 "
b110101111011100 2
#1345
b111001111011000 "
b110111111110001 2
#1346
b111011111110100 "
b111001111011000 2
#1347
b111101111100000 "
b111011111110100 2
#1348
b111111111001101 "
b111101111100000 2
#1349
b1000001111101101 "
b111111111001101 2
#1350
b1000011111011001 "
b1000001111101101 2
#1351
b1000101111110101 "
b1000011111011001 2
#1352
b1000111111011100 "
b1000101111110101 2
#1353
b1001001111110010 "
b1000111111011100 2
#1354
b1001011111010000 "
b1001001111110010 2
#1355
b1001101111011010 "
b1001011111010000 2
#1356
b1001111110101100 "
b1001101111011010 2
#1357
b1010001110100110 "
b1001111110101100 2
#1358
b1010011101100111 "
b1010001110100110 2
#1359
b1010101101001110 "
b1010011101100111 2
#1360
b1010111011111010 "
b1010101101001110 2
#1361
b1011001011001010 "
b1010111011111010 2
#1362
b1011011001011110 "
b1011001011001010 2
#1363
b1011101000010011 "
b1011011001011110 2
#1364
b1011110110001011 "
b1011101000010011 2
#1365
b1100000100100001 "
b1011110110001011 2
#1366
b1100010001111010 "
b1100000100100001 2
#1367
b1100011111101101 "
b1100010001111010 2
#1368
b1100101100100011 "
b1100011111101101 2
#1369
b1100111001110000 "
b1100101100100011 2
#1370
b1101000110000001 "
b1100111001110000 2
#1371
b1101010010100100 "
b1101000110000001 2
#1372
b1101011110001011 "
b1101010010100100 2
#1373
b1101101001011110 "
b1101011110001011 2
#1374
b1101110100111101 "
b1101101001011110 2
#1375
b1101111111100011 "
b1101110100111101 2
#1376
b1110001010010001 "
b1101111111100011 2
#1377
b1110010100000111 "
b1110001010010001 2
#1378
b1110011110000001 "
b1110010100000111 2
#1379
b1110100111000100 "
b1110011110000001 2
#1380
b1110110000001000 "
b1110100111000100 2
#1381
b1110111000010110 "
b1110110000001000 2
#1382
b1111000000100010 "
b1110111000010110 2
#1383
b1111000111111001 "
b1111000000100010 2
#1384
b1111001111001010 "
b1111000111111001 2
#1385
b1111010101101001 "
b1111001111001010 2
#1386
b1111011011111110 "
b1111010101101001 2
#1387
b1111100001100010 "
b1111011011111110 2
#1388
b1111100110111000 "
b1111100001100010 2
#1389
b1111101011100000 "
b1111100110111000 2
#1390
b1111101111111000 "
b1111101011100000 2
#1391
b1111110011100011 "
b1111101111111000 2
#1392
b1111110110111001 "
b1111110011100011 2
#1393
b1111111001100111 "
b1111110110111001 2
#1394
b1111111011111100 "
b1111111001100111 2
#1395
b1111111101101011 "
b1111111011111100 2
#1396
b1111111110111110 "
b1111111101101011 2
#1397
b1111111111101110 "
b1111111110111110 2
#1398
b1111111111111111 "
b1111111111101110 2
#1399
b1111111111110000 "
b1111111111111111 2
#1400
b1111111111000001 "
b1111111111110000 2
#1401
b1111111101110000 "
b1111111111000001 2
#1402
b1111111100000010 "
b1111111101110000 2
#1403
b1111111001101111 "
b1111111100000010 2
#1404
b1111110111000011 "
b1111111001101111 2
#1405
b1111110011101110 "
b1111110111000011 2
#1406
b1111110000000100 "
b1111110011101110 2
#1407
b1111101011101110 "
b1111110000000100 2
#1408
b1111100111001000 "
b1111101011101110 2
#1409
b1111100001110011 "
b1111100111001000 2
#1410
b1111011100010000 "
b1111100001110011 2
#1411
b1111010101111101 "
b1111011100010000 2
#1412
b1111001111100000 "
b1111010101111101 2
#1413
b1111001000010000 "
b1111001111100000 2
#1414
b1111000000111010 "
b1111001000010000 2
#1415
b1110111000110000 "
b1111000000111010 2
#1416
b1110110000100011 "
b1110111000110000 2
#1417
b1110100111100000 "
b1110110000100011 2
#1418
b1110011110011111 "
b1110100111100000 2
#1419
b1110010100100101 "
b1110011110011111 2
#1420
b1110001010110001 "
b1110010100100101 2
#1421
b1110000000000100 "
b1110001010110001 2
#1422
b1101110101100000 "
b1110000000000100 2
#1423
b1101101010100101 "
b1101110101100000 2
#1424
b1101011110110000 "
b1101101010100101 2
#1425
b1101010011001001 "
b1101011110110000 2
#1426
b1101000110100111 "
b1101010011001001 2
#1427
b1100111010010111 "
b1101000110100111 2
#1428
b1100101101001100 "
b1100111010010111 2
#1429
b1100100000010110 "
b1100101101001100 2
#1430
b1100010010100100 "
b1100100000010110 2
#1431
b1100000101001100 "
b1100010010100100 2
#1432
b1011110110110111 "
b1100000101001100 2
#1433
b1011101000111111 "
b1011110110110111 2
#1434
b1011011010001100 "
b1011101000111111 2
#1435
b1011001011111000 "
b1011011010001100 2
#1436
b1010111100101001 "
b1011001011111000 2
#1437
b1010101101111101 "
b1010111100101001 2
#1438
b1010011110010111 "
b1010101101111101 2
#1439
b1010001111010110 "
b1010011110010111 2
#1440
b1001111111011100 "
b1010001111010110 2
#1441
b1001110000001011 "
b1001111111011100 2
#1442
b1001100000000001 "
b1001110000001011 2
#1443
b1001010000100011 "
b1001100000000001 2
#1444
b1001000000001110 "
b1001010000100011 2
#1445
b1000110000100111 "
b1001000000001110 2
#1446
b1000100000001011 "
b1000110000100111 2
#1447
b1000010000011111 "
b1000100000001011 2
#1448
b1000000000110010 "
b1000010000011111 2
#1449
b111110000010010 "
b1000000000110010 2
#1450
b111100000100110 "
b111110000010010 2
#1451
b111010000001010 "
b111100000100110 2
#1452
b111000000100011 "
b111010000001010 2
#1453
b110110000001101 "
b111000000100011 2
#1454
b110100000101111 "
b110110000001101 2
#1455
b110010000100101 "
b110100000101111 2
#1456
b110000001010011 "
b110010000100101 2
#1457
b101110001011001 "
b110000001010011 2
#1458
b101100010011000 "
b101110001011001 2
#1459
b101010010110001 "
b101100010011000 2
#1460
b101000100000101 "
b101010010110001 2
#1461
b100110100110101 "
b101000100000101 2
#1462
b100100110100001 "
b100110100110101 2
#1463
b100010111101100 "
b100100110100001 2
#1464
b100001001110100 "
b100010111101100 2
#1465
b11111011011110 "
b100001001110100 2
#1466
b11101110000101 "
b11111011011110 2
#1467
b11100000010010 "
b11101110000101 2
#1468
b11010011011100 "
b11100000010010 2
#1469
b11000110001111 "
b11010011011100 2
#1470
b10111001111110 "
b11000110001111 2
#1471
b10101101011011 "
b10111001111110 2
#1472
b10100001110100 "
b10101101011011 2
#1473
b10010110100001 "
b10100001110100 2
#1474
b10001011000010 "
b10010110100001 2
#1475
b10000000011100 "
b10001011000010 2
#1476
b1110101101110 "
b10000000011100 2
#1477
b1101011111000 "
b1110101101110 2
#1478
b1100001111110 "
b1101011111000 2
#1479
b1011000111011 "
b1100001111110 2
#1480
b1001111110111 "
b1011000111011 2
#1481
b1000111101001 "
b1001111110111 2
#1482
b111111011101 "
b1000111101001 2
#1483
b111000000110 "
b111111011101 2
#1484
b110000110101 "
b111000000110 2
#1485
b101010010110 "
b110000110101 2
#1486
b100100000001 "
b101010010110 2
#1487
b11110011101 "
b100100000001 2
#1488
b11001000111 "
b11110011101 2
#1489
b10100011111 "
b11001000111 2
#1490
b10000000111 "
b10100011111 2
#1491
b1100011100 "
b10000000111 2
#1492
b1001000110 "
b1100011100 2
#1493
b110011000 "
b1001000110 2
#1494
b100000011 "
b110011000 2
#1495
b10010100 "
b100000011 2
#1496
b1000001 "
b10010100 2
#1497
b10001 "
b1000001 2
#1498
b0 "
b10001 2
#1499
b1111 "
b0 2
#1500
b111110 "
b1111 2
#1501
b10001111 "
b111110 2
#1502
b11111101 "
b10001111 2
#1503
b110010000 "
b11111101 2
#1504
b1000111100 "
b110010000 2
#1505
b1100010001 "
b1000111100 2
#1506
b1111111011 "
b1100010001 2
#1507
b10100010001 "
b1111111011 2
#1508
b11000110111 "
b10100010001 2
#1509
b11110001100 "
b11000110111 2
#1510
b100011101111 "
b11110001100 2
#1511
b101010000010 "
b100011101111 2
#1512
b110000011111 "
b101010000010 2
#1513
b110111101111 "
b110000011111 2
#1514
b111111000101 "
b110111101111 2
#1515
b1000111001111 "
b111111000101 2
#1516
b1001111011100 "
b1000111001111 2
#1517
b1011000011111 "
b1001111011100 2
#1518
b1100001100000 "
b1011000011111 2
#1519
b1101011011010 "
b1100001100000 2
#1520
b1110101001110 "
b1101011011010 2
#1521
b1111111111011 "
b1110101001110 2
#1522
b10001010011111 "
b1111111111011 2
#1523
b10010101011010 "
b10001010011111 2
#1524
b10100001001111 "
b10010101011010 2
#1525
b10101100110110 "
b10100001001111 2
#1526
b10111001011000 "
b10101100110110 2
#1527
b11000101101000 "
b10111001011000 2
#1528
b11010010110011 "
b11000101101000 2
#1529
b11011111101001 "
b11010010110011 2
#1530
b11101101011011 "
b11011111101001 2
#1531
b11111010110011 "
b11101101011011 2
#1532
b100001001001000 "
b11111010110011 2
#1533
b100010111000000 "
b100001001001000 2
#1534
b100100101110011 "
b100010111000000 2
#1535
b100110100000111 "
b100100101110011 2
#1536
b101000011010110 "
b100110100000111 2
#1537
b101010010000010 "
b101000011010110 2
#1538
b101100001101000 "
b101010010000010 2
#1539
b101110000101001 "
b101100001101000 2
#1540
b110000000100011 "
b101110000101001 2
#1541
b110001111110100 "
b110000000100011 2
#1542
b110011111111110 "
b110001111110100 2
#1543
b110101111011100 "
b110011111111110 2
#1544
b110111111110001 "
b110101111011100 2
#1545
b111001111011000 "
b110111111110001 2
#1546
b111011111110100 "
b111001111011000 2
#1547
b111101111100000 "
b111011111110100 2
#1548
b111111111001101 "
b111101111100000 2
#1549
b1000001111101101 "
b111111111001101 2
#1550
b1000011111011001 "
b1000001111101101 2
#1551
b1000101111110101 "
b1000011111011001 2
#1552
b1000111111011100 "
b1000101111110101 2
#1553
b1001001111110010 "
b1000111111011100 2
#1554
b1001011111010000 "
b1001001111110010 2
#1555
b1001101111011010 "
b1001011111010000 2
#1556
b1001111110101100 "
b1001101111011010 2
#1557
b1010001110100110 "
b1001111110101100 2
#1558
b1010011101100111 "
b1010001110100110 2
#1559
b1010101101001110 "
b1010011101100111 2
#1560
b1010111011111010 "
b1010101101001110 2
#1561
b1011001011001010 "
b1010111011111010 2
#1562
b1011011001011110 "
b1011001011001010 2
#1563
b1011101000010011 "
b1011011001011110 2
#1564
b1011110110001011 "
b1011101000010011 2
#1565
b1100000100100001 "
b1011110110001011 2
#1566
b1100010001111010 "
b1100000100100001 2
#1567
b1100011111101101 "
b1100010001111010 2
#1568
b1100101100100011 "
b1100011111101101 2
#1569
b1100111001110000 "
b1100101100100011 2
#1570
b1101000110000001 "
b1100111001110000 2
#1571
b1101010010100100 "
b1101000110000001 2
#1572
b1101011110001011 "
b1101010010100100 2
#1573
b1101101001011110 "
b1101011110001011 2
#1574
b1101110100111101 "
b1101101001011110 2
#1575
b1101111111100011 "
b1101110100111101 2
#1576
b1110001010010001 "
b1101111111100011 2
#1577
b1110010100000111 "
b1110001010010001 2
#1578
b1110011110000001 "
b1110010100000111 2
#1579
b1110100111000100 "
b1110011110000001 2
#1580
b1110110000001000 "
b1110100111000100 2
#1581
b1110111000010110 "
b1110110000001000 2
#1582
b1111000000100010 "
b1110111000010110 2
#1583
b1111000111111001 "
b1111000000100010 2
#1584
b1111001111001010 "
b1111000111111001 2
#1585
b1111010101101001 "
b1111001111001010 2
#1586
b1111011011111110 "
b1111010101101001 2
#1587
b1111100001100010 "
b1111011011111110 2
#1588
b1111100110111000 "
b1111100001100010 2
#1589
b1111101011100000 "
b1111100110111000 2
#1590
b1111101111111000 "
b1111101011100000 2
#1591
b1111110011100011 "
b1111101111111000 2
#1592
b1111110110111001 "
b1111110011100011 2
#1593
b1111111001100111 "
b1111110110111001 2
#1594
b1111111011111100 "
b1111111001100111 2
#1595
b1111111101101011 "
b1111111011111100 2
#1596
b1111111110111110 "
b1111111101101011 2
#1597
b1111111111101110 "
b1111111110111110 2
#1598
b1111111111111111 "
b1111111111101110 2
#1599
b1111111111110000 "
b1111111111111111 2
#1600
b1111111111000001 "
b1111111111110000 2
#1601
b1111111101110000 "
b1111111111000001 2
#1602
b1111111100000010 "
b1111111101110000 2
#1603
b1111111001101111 "
b1111111100000010 2
#1604
b1111110111000011 "
b1111111001101111 2
#1605
b1111110011101110 "
b1111110111000011 2
#1606
b1111110000000100 "
b1111110011101110 2
#1607
b1111101011101110 "
b1111110000000100 2
#1608
b1111100111001000 "
b1111101011101110 2
#1609
b1111100001110011 "
b1111100111001000 2
#1610
b1111011100010000 "
b1111100001110011 2
#1611
b1111010101111101 "
b1111011100010000 2
#1612
b1111001111100000 "
b1111010101111101 2
#1613
b1111001000010000 "
b1111001111100000 2
#1614
b1111000000111010 "
b1111001000010000 2
#1615
b1110111000110000 "
b1111000000111010 2
#1616
b1110110000100011 "
b1110111000110000 2
#1617
b1110100111100000 "
b1110110000100011 2
#1618
b1110011110011111 "
b1110100111100000 2
#1619
b1110010100100101 "
b1110011110011111 2
#1620
b1110001010110001 "
b1110010100100101 2
#1621
b1110000000000100 "
b1110001010110001 2
#1622
b1101110101100000 "
b1110000000000100 2
#1623
b1101101010100101 "
b1101110101100000 2
#1624
b1101011110110000 "
b1101101010100101 2
#1625
b1101010011001001 "
b1101011110110000 2
#1626
b1101000110100111 "
b1101010011001001 2
#1627
b1100111010010111 "
b1101000110100111 2
#1628
b1100101101001100 "
b1100111010010111 2
#1629
b1100100000010110 "
b1100101101001100 2
#1630
b1100010010100100 "
b1100100000010110 2
#1631
b1100000101001100 "
b1100010010100100 2
#1632
b1011110110110111 "
b1100000101001100 2
#1633
b1011101000111111 "
b1011110110110111 2
#1634
b1011011010001100 "
b1011101000111111 2
#1635
b1011001011111000 "
b1011011010001100 2
#1636
b1010111100101001 "
b1011001011111000 2
#1637
b1010101101111101 "
b1010111100101001 2
#1638
b1010011110010111 "
b1010101101111101 2
#1639
b1010001111010110 "
b1010011110010111 2
#1640
b1001111111011100 "
b1010001111010110 2
#1641
b1001110000001011 "
b1001111111011100 2
#1642
b1001100000000001 "
b1001110000001011 2
#1643
b1001010000100011 "
b1001100000000001 2
#1644
b1001000000001110 "
b1001010000100011 2
#1645
b1000110000100111 "
b1001000000001110 2
#1646
b1000100000001011 "
b1000110000100111 2
#1647
b1000010000011111 "
b1000100000001011 2
#1648
b1000000000110010 "
b1000010000011111 2
#1649
b111110000010010 "
b1000000000110010 2
#1650
b111100000100110 "
b111110000010010 2
#1651
b111010000001010 "
b111100000100110 2
#1652
b111000000100011 "
b111010000001010 2
#1653
b110110000001101 "
b111000000100011 2
#1654
b110100000101111 "
b110110000001101 2
#1655
b110010000100101 "
b110100000101111 2
#1656
b110000001010011 "
b110010000100101 2
#1657
b101110001011001 "
b110000001010011 2
#1658
b101100010011000 "
b101110001011001 2
#1659
b101010010110001 "
b101100010011000 2
#1660
b101000100000101 "
b101010010110001 2
#1661
b100110100110101 "
b101000100000101 2
#1662
b100100110100001 "
b100110100110101 2
#1663
b100010111101100 "
b100100110100001 2
#1664
b100001001110100 "
b100010111101100 2
#1665
b11111011011110 "
b100001001110100 2
#1666
b11101110000101 "
b11111011011110 2
#1667
b11100000010010 "
b11101110000101 2
#1668
b11010011011100 "
b11100000010010 2
#1669
b11000110001111 "
b11010011011100 2
#1670
b10111001111110 "
b11000110001111 2
#1671
b10101101011011 "
b10111001111110 2
#1672
b10100001110100 "
b10101101011011 2
#1673
b10010110100001 "
b10100001110100 2
#1674
b10001011000010 "
b10010110100001 2
#1675
b10000000011100 "
b10001011000010 2
#1676
b1110101101110 "
b10000000011100 2
#1677
b1101011111000 "
b1110101101110 2
#1678
b1100001111110 "
b1101011111000 2
#1679
b1011000111011 "
b1100001111110 2
#1680
b1001111110111 "
b1011000111011 2
#1681
b1000111101001 "
b1001111110111 2
#1682
b111111011101 "
b1000111101001 2
#1683
b111000000110 "
b111111011101 2
#1684
b110000110101 "
b111000000110 2
#1685
b101010010110 "
b110000110101 2
#1686
b100100000001 "
b101010010110 2
#1687
b11110011101 "
b100100000001 2
#1688
b11001000111 "
b11110011101 2
#1689
b10100011111 "
b11001000111 2
#1690
b10000000111 "
b10100011111 2
#1691
b1100011100 "
b10000000111 2
#1692
b1001000110 "
b1100011100 2
#1693
b110011000 "
b1001000110 2
#1694
b100000011 "
b110011000 2
#1695
b10010100 "
b100000011 2
#1696
b1000001 "
b10010100 2
#1697
b10001 "
b1000001 2
#1698
b0 "
b10001 2
#1699
b1111 "
b0 2
#1700
b111110 "
b1111 2
#1701
b10001111 "
b111110 2
#1702
b11111101 "
b10001111 2
#1703
b110010000 "
b11111101 2
#1704
b1000111100 "
b110010000 2
#1705
b1100010001 "
b1000111100 2
#1706
b1111111011 "
b1100010001 2
#1707
b10100010001 "
b1111111011 2
#1708
b11000110111 "
b10100010001 2
#1709
b11110001100 "
b11000110111 2
#1710
b100011101111 "
b11110001100 2
#1711
b101010000010 "
b100011101111 2
#1712
b110000011111 "
b101010000010 2
#1713
b110111101111 "
b110000011111 2
#1714
b111111000101 "
b110111101111 2
#1715
b1000111001111 "
b111111000101 2
#1716
b1001111011100 "
b1000111001111 2
#1717
b1011000011111 "
b1001111011100 2
#1718
b1100001100000 "
b1011000011111 2
#1719
b1101011011010 "
b1100001100000 2
#1720
b1110101001110 "
b1101011011010 2
#1721
b1111111111011 "
b1110101001110 2
#1722
b10001010011111 "
b1111111111011 2
#1723
b10010101011010 "
b10001010011111 2
#1724
b10100001001111 "
b10010101011010 2
#1725
b10101100110110 "
b10100001001111 2
#1726
b10111001011000 "
b10101100110110 2
#1727
b11000101101000 "
b10111001011000 2
#1728
b11010010110011 "
b11000101101000 2
#1729
b11011111101001 "
b11010010110011 2
#1730
b11101101011011 "
b11011111101001 2
#1731
b11111010110011 "
b11101101011011 2
#1732
b100001001001000 "
b11111010110011 2
#1733
b100010111000000 "
b100001001001000 2
#1734
b100100101110011 "
b100010111000000 2
#1735
b100110100000111 "
b100100101110011 2
#1736
b101000011010110 "
b100110100000111 2
#1737
b101010010000010 "
b101000011010110 2
#1738
b101100001101000 "
b101010010000010 2
#1739
b101110000101001 "
b101100001101000 2
#1740
b110000000100011 "
b101110000101001 2
#1741
b110001111110100 "
b110000000100011 2
#1742
b110011111111110 "
b110001111110100 2
#1743
b110101111011100 "
b110011111111110 2
#1744
b110111111110001 "
b110101111011100 2
#1745
b111001111011000 "
b110111111110001 2
#1746
b111011111110100 "
b111001111011000 2
#1747
b111101111100000 "
b111011111110100 2
#1748
b111111111001101 "
b111101111100000 2
#1749
b1000001111101101 "
b111111111001101 2
#1750
b1000011111011001 "
b1000001111101101 2
#1751
b1000101111110101 "
b1000011111011001 2
#1752
b1000111111011100 "
b1000101111110101 2
#1753
b1001001111110010 "
b1000111111011100 2
#1754
b1001011111010000 "
b1001001111110010 2
#1755
b1001101111011010 "
b1001011111010000 2
#1756
b1001111110101100 "
b1001101111011010 2
#1757
b1010001110100110 "
b1001111110101100 2
#1758
b1010011101100111 "
b1010001110100110 2
#1759
b1010101101001110 "
b1010011101100111 2
#1760
b1010111011111010 "
b1010101101001110 2
#1761
b1011001011001010 "
b1010111011111010 2
#1762
b1011011001011110 "
b1011001011001010 2
#1763
b1011101000010011 "
b1011011001011110 2
#1764
b1011110110001011 "
b1011101000010011 2
#1765
b1100000100100001 "
b1011110110001011 2
#1766
b1100010001111010 "
b1100000100100001 2
#1767
b1100011111101101 "
b1100010001111010 2
#1768
b1100101100100011 "
b1100011111101101 2
#1769
b1100111001110000 "
b1100101100100011 2
#1770
b1101000110000001 "
b1100111001110000 2
#1771
b1101010010100100 "
b1101000110000001 2
#1772
b1101011110001011 "
b1101010010100100 2
#1773
b1101101001011110 "
b1101011110001011 2
#1774
b1101110100111101 "
b1101101001011110 2
#1775
b1101111111100011 "
b1101110100111101 2
#1776
b1110001010010001 "
b1101111111100011 2
#1777
b1110010100000111 "
b1110001010010001 2
#1778
b1110011110000001 "
b1110010100000111 2
#1779
b1110100111000100 "
b1110011110000001 2
#1780
b1110110000001000 "
b1110100111000100 2
#1781
b1110111000010110 "
b1110110000001000 2
#1782
b1111000000100010 "
b1110111000010110 2
#1783
b1111000111111001 "
b1111000000100010 2
#1784
b1111001111001010 "
b1111000111111001 2
#1785
b1111010101101001 "
b1111001111001010 2
#1786
b1111011011111110 "
b1111010101101001 2
#1787
b1111100001100010 "
b1111011011111110 2
#1788
b1111100110111000 "
b1111100001100010 2
#1789
b1111101011100000 "
b1111100110111000 2
#1790
b1111101111111000 "
b1111101011100000 2
#1791
b1111110011100011 "
b1111101111111000 2
#1792
b1111110110111001 "
b1111110011100011 2
#1793
b1111111001100111 "
b1111110110111001 2
#1794
b1111111011111100 "
b1111111001100111 2
#1795
b1111111101101011 "
b1111111011111100 2
#1796
b1111111110111110 "
b1111111101101011 2
#1797
b1111111111101110 "
b1111111110111110 2
#1798
b1111111111111111 "
b1111111111101110 2
#1799
b1111111111110000 "
b1111111111111111 2
#1800
b1111111111000001 "
b1111111111110000 2
#1801
b1111111101110000 "
b1111111111000001 2
#1802
b1111111100000010 "
b1111111101110000 2
#1803
b1111111001101111 "
b1111111100000010 2
#1804
b1111110111000011 "
b1111111001101111 2
#1805
b1111110011101110 "
b1111110111000011 2
#1806
b1111110000000100 "
b1111110011101110 2
#1807
b1111101011101110 "
b1111110000000100 2
#1808
b1111100111001000 "
b1111101011101110 2
#1809
b1111100001110011 "
b1111100111001000 2
#1810
b1111011100010000 "
b1111100001110011 2
#1811
b1111010101111101 "
b1111011100010000 2
#1812
b1111001111100000 "
b1111010101111101 2
#1813
b1111001000010000 "
b1111001111100000 2
#1814
b1111000000111010 "
b1111001000010000 2
#1815
b1110111000110000 "
b1111000000111010 2
#1816
b1110110000100011 "
b1110111000110000 2
#1817
b1110100111100000 "
b1110110000100011 2
#1818
b1110011110011111 "
b1110100111100000 2
#1819
b1110010100100101 "
b1110011110011111 2
#1820
b1110001010110001 "
b1110010100100101 2
#1821
b1110000000000100 "
b1110001010110001 2
#1822
b1101110101100000 "
b1110000000000100 2
#1823
b1101101010100101 "
b1101110101100000 2
#1824
b1101011110110000 "
b1101101010100101 2
#1825
b1101010011001001 "
b1101011110110000 2
#1826
b1101000110100111 "
b1101010011001001 2
#1827
b1100111010010111 "
b1101000110100111 2
#1828
b1100101101001100 "
b1100111010010111 2
#1829
b1100100000010110 "
b1100101101001100 2
#1830
b1100010010100100 "
b1100100000010110 2
#1831
b1100000101001100 "
b1100010010100100 2
#1832
b1011110110110111 "
b1100000101001100 2
#1833
b1011101000111111 "
b1011110110110111 2
#1834
b1011011010001100 "
b1011101000111111 2
#1835
b1011001011111000 "
b1011011010001100 2
#1836
b1010111100101001 "
b1011001011111000 2
#1837
b1010101101111101 "
b1010111100101001 2
#1838
b1010011110010111 "
b1010101101111101 2
#1839
b1010001111010110 "
b1010011110010111 2
#1840
b1001111111011100 "
b1010001111010110 2
#1841
b1001110000001011 "
b1001111111011100 2
#1842
b1001100000000001 "
b1001110000001011 2
#1843
b1001010000100011 "
b1001100000000001 2
#1844
b1001000000001110 "
b1001010000100011 2
#1845
b1000110000100111 "
b1001000000001110 2
#1846
b1000100000001011 "
b1000110000100111 2
#1847
b1000010000011111 "
b1000100000001011 2
#1848
b1000000000110010 "
b1000010000011111 2
#1849
b111110000010010 "
b1000000000110010 2
#1850
b111100000100110 "
b111110000010010 2
#1851
b111010000001010 "
b111100000100110 2
#1852
b111000000100011 "
b111010000001010 2
#1853
b110110000001101 "
b111000000100011 2
#1854
b110100000101111 "
b110110000001101 2
#1855
b110010000100101 "
b110100000101111 2
#1856
b110000001010011 "
b110010000100101 2
#1857
b101110001011001 "
b110000001010011 2
#1858
b101100010011000 "
b101110001011001 2
#1859
b101010010110001 "
b101100010011000 2
#1860
b101000100000101 "
b101010010110001 2
#1861
b100110100110101 "
b101000100000101 2
#1862
b100100110100001 "
b100110100110101 2
#1863
b100010111101100 "
b100100110100001 2
#1864
b100001001110100 "
b100010111101100 2
#1865
b11111011011110 "
b100001001110100 2
#1866
b11101110000101 "
b11111011011110 2
#1867
b11100000010010 "
b11101110000101 2
#1868
b11010011011100 "
b11100000010010 2
#1869
b11000110001111 "
b11010011011100 2
#1870
b10111001111110 "
b11000110001111 2
#1871
b10101101011011 "
b10111001111110 2
#1872
b10100001110100 "
b10101101011011 2
#1873
b10010110100001 "
b10100001110100 2
#1874
b10001011000010 "
b10010110100001 2
#1875
b10000000011100 "
b10001011000010 2
#1876
b1110101101110 "
b10000000011100 2
#1877
b1101011111000 "
b1110101101110 2
#1878
b1100001111110 "
b1101011111000 2
#1879
b1011000111011 "
b1100001111110 2
#1880
b1001111110111 "
b1011000111011 2
#1881
b1000111101001 "
b1001111110111 2
#1882
b111111011101 "
b1000111101001 2
#1883
b111000000110 "
b111111011101 2
#1884
b110000110101 "
b111000000110 2
#1885
b101010010110 "
b110000110101 2
#1886
b100100000001 "
b101010010110 2
#1887
b11110011101 "
b100100000001 2
#1888
b11001000111 "
b11110011101 2
#1889
b10100011111 "
b11001000111 2
#1890
b10000000111 "
b10100011111 2
#1891
b1100011100 "
b10000000111 2
#1892
b1001000110 "
b1100011100 2
#1893
b110011000 "
b1001000110 2
#1894
b100000011 "
b110011000 2
#1895
b10010100 "
b100000011 2
#1896
b1000001 "
b10010100 2
#1897
b10001 "
b1000001 2
#1898
b0 "
b10001 2
#1899
b1111 "
b0 2
#1900
b111110 "
b1111 2
#1901
b10001111 "
b111110 2
#1902
b11111101 "
b10001111 2
#1903
b110010000 "
b11111101 2
#1904
b1000111100 "
b110010000 2
#1905
b1100010001 "
b1000111100 2
#1906
b1111111011 "
b1100010001 2
#1907
b10100010001 "
b1111111011 2
#1908
b11000110111 "
b10100010001 2
#1909
b11110001100 "
b11000110111 2
#1910
b100011101111 "
b11110001100 2
#1911
b101010000010 "
b100011101111 2
#1912
b110000011111 "
b101010000010 2
#1913
b110111101111 "
b110000011111 2
#1914
b111111000101 "
b110111101111 2
#1915
b1000111001111 "
b111111000101 2
#1916
b1001111011100 "
b1000111001111 2
#1917
b1011000011111 "
b1001111011100 2
#1918
b1100001100000 "
b1011000011111 2
#1919
b1101011011010 "
b1100001100000 2
#1920
b1110101001110 "
b1101011011010 2
#1921
b1111111111011 "
b1110101001110 2
#1922
b10001010011111 "
b1111111111011 2
#1923
b10010101011010 "
b10001010011111 2
#1924
b10100001001111 "
b10010101011010 2
#1925
b10101100110110 "
b10100001001111 2
#1926
b10111001011000 "
b10101100110110 2
#1927
b11000101101000 "
b10111001011000 2
#1928
b11010010110011 "
b11000101101000 2
#1929
b11011111101001 "
b11010010110011 2
#1930
b11101101011011 "
b11011111101001 2
#1931
b11111010110011 "
b11101101011011 2
#1932
b100001001001000 "
b11111010110011 2
#1933
b100010111000000 "
b100001001001000 2
#1934
b100100101110011 "
b100010111000000 2
#1935
b100110100000111 "
b100100101110011 2
#1936
b101000011010110 "
b100110100000111 2
#1937
b101010010000010 "
b101000011010110 2
#1938
b101100001101000 "
b101010010000010 2
#1939
b101110000101001 "
b101100001101000 2
#1940
b110000000100011 "
b101110000101001 2
#1941
b110001111110100 "
b110000000100011 2
#1942
b110011111111110 "
b110001111110100 2
#1943
b110101111011100 "
b110011111111110 2
#1944
b110111111110001 "
b110101111011100 2
#1945
b111001111011000 "
b110111111110001 2
#1946
b111011111110100 "
b111001111011000 2
#1947
b111101111100000 "
b111011111110100 2
#1948
b111111111001101 "
b111101111100000 2
#1949
b1000001111101101 "
b111111111001101 2
#1950
b1000011111011001 "
b1000001111101101 2
#1951
b1000101111110101 "
b1000011111011001 2
#1952
b1000111111011100 "
b1000101111110101 2
#1953
b1001001111110010 "
b1000111111011100 2
#1954
b1001011111010000 "
b1001001111110010 2
#1955
b1001101111011010 "
b1001011111010000 2
#1956
b1001111110101100 "
b1001101111011010 2
#1957
b1010001110100110 "
b1001111110101100 2
#1958
b1010011101100111 "
b1010001110100110 2
#1959
b1010101101001110 "
b1010011101100111 2
#1960
b1010111011111010 "
b1010101101001110 2
#1961
b1011001011001010 "
b1010111011111010 2
#1962
b1011011001011110 "
b1011001011001010 2
#1963
b1011101000010011 "
b1011011001011110 2
#1964
b1011110110001011 "
b1011101000010011 2
#1965
b1100000100100001 "
b1011110110001011 2
#1966
b1100010001111010 "
b1100000100100001 2
#1967
b1100011111101101 "
b1100010001111010 2
#1968
b1100101100100011 "
b1100011111101101 2
#1969
b1100111001110000 "
b1100101100100011 2
#1970
b1101000110000001 "
b1100111001110000 2
#1971
b1101010010100100 "
b1101000110000001 2
#1972
b1101011110001011 "
b1101010010100100 2
#1973
b1101101001011110 "
b1101011110001011 2
#1974
b1101110100111101 "
b1101101001011110 2
#1975
b1101111111100011 "
b1101110100111101 2
#1976
b1110001010010001 "
b1101111111100011 2
#1977
b1110010100000111 "
b1110001010010001 2
#1978
b1110011110000001 "
b1110010100000111 2
#1979
b1110100111000100 "
b1110011110000001 2
#1980
b1110110000001000 "
b1110100111000100 2
#1981
b1110111000010110 "
b1110110000001000 2
#1982
b1111000000100010 "
b1110111000010110 2
#1983
b1111000111111001 "
b1111000000100010 2
#1984
b1111001111001010 "
b1111000111111001 2
#1985
b1111010101101001 "
b1111001111001010 2
#1986
b1111011011111110 "
b1111010101101001 2
#1987
b1111100001100010 "
b1111011011111110 2
#1988
b1111100110111000 "
b1111100001100010 2
#1989
b1111101011100000 "
b1111100110111000 2
#1990
b1111101111111000 "
b1111101011100000 2
#1991
b1111110011100011 "
b1111101111111000 2
#1992
b1111110110111001 "
b1111110011100011 2
#1993
b1111111001100111 "
b1111110110111001 2
#1994
b1111111011111100 "
b1111111001100111 2
#1995
b1111111101101011 "
b1111111011111100 2
#1996
b1111111110111110 "
b1111111101101011 2
#1997
b1111111111101110 "
b1111111110111110 2
#1998
b1111111111111111 "
b1111111111101110 2
#1999
b1111111111110000 "
b1111111111111111 2
#2000
b1111111111000001 "
b1111111111110000 2
#2001
b1111111101110000 "
b1111111111000001 2
#2002
b1111111100000010 "
b1111111101110000 2
#2003
b1111111001101111 "
b1111111100000010 2
#2004
b1111110111000011 "
b1111111001101111 2
#2005
b1111110011101110 "
b1111110111000011 2
#2006
b1111110000000100 "
b1111110011101110 2
#2007
b1111101011101110 "
b1111110000000100 2
#2008
b1111100111001000 "
b1111101011101110 2
#2009
b1111100001110011 "
b1111100111001000 2
#2010
b1111011100010000 "
b1111100001110011 2
#2011
b1111010101111101 "
b1111011100010000 2
#2012
b1111001111100000 "
b1111010101111101 2
#2013
b1111001000010000 "
b1111001111100000 2
#2014
b1111000000111010 "
b1111001000010000 2
#2015
b1110111000110000 "
b1111000000111010 2
#2016
b1110110000100011 "
b1110111000110000 2
#2017
b1110100111100000 "
b1110110000100011 2
#2018
b1110011110011111 "
b1110100111100000 2
#2019
b1110010100100101 "
b1110011110011111 2
#2020
b1110001010110001 "
b1110010100100101 2
#2021
b1110000000000100 "
b1110001010110001 2
#2022
b1101110101100000 "
b1110000000000100 2
#2023
b1101101010100101 "
b1101110101100000 2
#2024
b1101011110110000 "
b1101101010100101 2
#2025
b1101010011001001 "
b1101011110110000 2
#2026
b1101000110100111 "
b1101010011001001 2
#2027
b1100111010010111 "
b1101000110100111 2
#2028
b1100101101001100 "
b1100111010010111 2
#2029
b1100100000010110 "
b1100101101001100 2
#2030
b1100010010100100 "
b1100100000010110 2
#2031
b1100000101001100 "
b1100010010100100 2
#2032
b1011110110110111 "
b1100000101001100 2
#2033
b1011101000111111 "
b1011110110110111 2
#2034
b1011011010001100 "
b1011101000111111 2
#2035
b1011001011111000 "
b1011011010001100 2
#2036
b1010111100101001 "
b1011001011111000 2
#2037
b1010101101111101 "
b1010111100101001 2
#2038
b1010011110010111 "
b1010101101111101 2
#2039
b1010001111010110 "
b1010011110010111 2
#2040
b1001111111011100 "
b1010001111010110 2
#2041
b1001110000001011 "
b1001111111011100 2
#2042
b1001100000000001 "
b1001110000001011 2
#2043
b1001010000100011 "
b1001100000000001 2
#2044
b1001000000001110 "
b1001010000100011 2
#2045
b1000110000100111 "
b1001000000001110 2
#2046
b1000100000001011 "
b1000110000100111 2
#2047
b1000010000011111 "
b1000100000001011 2
#2048
b1000000000110010 "
b1000010000011111 2
0C
1E
1F
#2049
b111110000010010 "
b1000000000110010 2
0E
#2050
b111100000100110 "
b111110000010010 2
#2051
b111010000001010 "
b111100000100110 2
#2052
b111000000100011 "
b111010000001010 2
#2053
b110110000001101 "
b111000000100011 2
#2054
b110100000101111 "
b110110000001101 2
#2055
b110010000100101 "
b110100000101111 2
#2056
b110000001010011 "
b110010000100101 2
#2057
b101110001011001 "
b110000001010011 2
#2058
b101100010011000 "
b101110001011001 2
#2059
b101010010110001 "
b101100010011000 2
#2060
b101000100000101 "
b101010010110001 2
#2061
b100110100110101 "
b101000100000101 2
#2062
b100100110100001 "
b100110100110101 2
#2063
b100010111101100 "
b100100110100001 2
#2064
b100001001110100 "
b100010111101100 2
#2065
b11111011011110 "
b100001001110100 2
#2066
b11101110000101 "
b11111011011110 2
#2067
b11100000010010 "
b11101110000101 2
#2068
b11010011011100 "
b11100000010010 2
#2069
b11000110001111 "
b11010011011100 2
#2070
b10111001111110 "
b11000110001111 2
#2071
b10101101011011 "
b10111001111110 2
#2072
b10100001110100 "
b10101101011011 2
#2073
b10010110100001 "
b10100001110100 2
#2074
b10001011000010 "
b10010110100001 2
#2075
b10000000011100 "
b10001011000010 2
#2076
b1110101101110 "
b10000000011100 2
#2077
b1101011111000 "
b1110101101110 2
#2078
b1100001111110 "
b1101011111000 2
#2079
b1011000111011 "
b1100001111110 2
0B
#2080
b1001111110111 "
b1011000111011 2
#2081
b1000111101001 "
b1001111110111 2
#2082
b111111011101 "
b1000111101001 2
#2083
b111000000110 "
b111111011101 2
#2084
b110000110101 "
b111000000110 2
#2085
b101010010110 "
b110000110101 2
#2086
b100100000001 "
b101010010110 2
#2087
b11110011101 "
b100100000001 2
#2088
b11001000111 "
b11110011101 2
#2089
b10100011111 "
b11001000111 2
#2090
b10000000111 "
b10100011111 2
#2091
b1100011100 "
b10000000111 2
#2092
b1001000110 "
b1100011100 2
#2093
b110011000 "
b1001000110 2
#2094
b100000011 "
b110011000 2
#2095
b10010100 "
b100000011 2
#2096
b1000001 "
b10010100 2
#2097
b10001 "
b1000001 2
#2098
b0 "
b10001 2
#2099
b1111 "
b0 2
#2100
b111110 "
b1111 2
#2101
b10001111 "
b111110 2
#2102
b11111101 "
b10001111 2
#2103
b110010000 "
b11111101 2
#2104
b1000111100 "
b110010000 2
#2105
b1100010001 "
b1000111100 2
#2106
b1111111011 "
b1100010001 2
#2107
b10100010001 "
b1111111011 2
#2108
b11000110111 "
b10100010001 2
#2109
b11110001100 "
b11000110111 2
#2110
b100011101111 "
b11110001100 2
#2111
b101010000010 "
b100011101111 2
#2112
b110000011111 "
b101010000010 2
#2113
b110111101111 "
b110000011111 2
#2114
b111111000101 "
b110111101111 2
#2115
b1000111001111 "
b111111000101 2
#2116
b1001111011100 "
b1000111001111 2
#2117
b1011000011111 "
b1001111011100 2
#2118
b1100001100000 "
b1011000011111 2
#2119
b1101011011010 "
b1100001100000 2
#2120
b1110101001110 "
b1101011011010 2
#2121
b1111111111011 "
b1110101001110 2
#2122
b10001010011111 "
b1111111111011 2
#2123
b10010101011010 "
b10001010011111 2
#2124
b10100001001111 "
b10010101011010 2
#2125
b10101100110110 "
b10100001001111 2
#2126
b10111001011000 "
b10101100110110 2
#2127
b11000101101000 "
b10111001011000 2
#2128
b11010010110011 "
b11000101101000 2
#2129
b11011111101001 "
b11010010110011 2
#2130
b11101101011011 "
b11011111101001 2
#2131
b11111010110011 "
b11101101011011 2
#2132
b100001001001000 "
b11111010110011 2
#2133
b100010111000000 "
b100001001001000 2
#2134
b100100101110011 "
b100010111000000 2
#2135
b100110100000111 "
b100100101110011 2
#2136
b101000011010110 "
b100110100000111 2
#2137
b101010010000010 "
b101000011010110 2
#2138
b101100001101000 "
b101010010000010 2
#2139
b101110000101001 "
b101100001101000 2
#2140
b110000000100011 "
b101110000101001 2
#2141
b110001111110100 "
b110000000100011 2
#2142
b110011111111110 "
b110001111110100 2
#2143
b110101111011100 "
b110011111111110 2
#2144
b110111111110001 "
b110101111011100 2
#2145
b111001111011000 "
b110111111110001 2
#2146
b111011111110100 "
b111001111011000 2
#2147
b111101111100000 "
b111011111110100 2
#2148
b111111111001101 "
b111101111100000 2
#2149
b1000001111101101 "
b111111111001101 2
#2150
b1000011111011001 "
b1000001111101101 2
#2151
b1000101111110101 "
b1000011111011001 2
#2152
b1000111111011100 "
b1000101111110101 2
#2153
b1001001111110010 "
b1000111111011100 2
#2154
b1001011111010000 "
b1001001111110010 2
#2155
b1001101111011010 "
b1001011111010000 2
#2156
b1001111110101100 "
b1001101111011010 2
#2157
b1010001110100110 "
b1001111110101100 2
#2158
b1010011101100111 "
b1010001110100110 2
#2159
b1010101101001110 "
b1010011101100111 2
#2160
b1010111011111010 "
b1010101101001110 2
#2161
b1011001011001010 "
b1010111011111010 2
#2162
b1011011001011110 "
b1011001011001010 2
#2163
b1011101000010011 "
b1011011001011110 2
#2164
b1011110110001011 "
b1011101000010011 2
#2165
b1100000100100001 "
b1011110110001011 2
#2166
b1100010001111010 "
b1100000100100001 2
#2167
b1100011111101101 "
b1100010001111010 2
#2168
b1100101100100011 "
b1100011111101101 2
#2169
b1100111001110000 "
b1100101100100011 2
#2170
b1101000110000001 "
b1100111001110000 2
#2171
b1101010010100100 "
b1101000110000001 2
#2172
b1101011110001011 "
b1101010010100100 2
#2173
b1101101001011110 "
b1101011110001011 2
#2174
b1101110100111101 "
b1101101001011110 2
#2175
b1101111111100011 "
b1101110100111101 2
#2176
b1110001010010001 "
b1101111111100011 2
#2177
b1110010100000111 "
b1110001010010001 2
#2178
b1110011110000001 "
b1110010100000111 2
#2179
b1110100111000100 "
b1110011110000001 2
#2180
b1110110000001000 "
b1110100111000100 2
#2181
b1110111000010110 "
b1110110000001000 2
#2182
b1111000000100010 "
b1110111000010110 2
#2183
b1111000111111001 "
b1111000000100010 2
#2184
b1111001111001010 "
b1111000111111001 2
#2185
b1111010101101001 "
b1111001111001010 2
#2186
b1111011011111110 "
b1111010101101001 2
#2187
b1111100001100010 "
b1111011011111110 2
#2188
b1111100110111000 "
b1111100001100010 2
#2189
b1111101011100000 "
b1111100110111000 2
#2190
b1111101111111000 "
b1111101011100000 2
#2191
b1111110011100011 "
b1111101111111000 2
#2192
b1111110110111001 "
b1111110011100011 2
#2193
b1111111001100111 "
b1111110110111001 2
#2194
b1111111011111100 "
b1111111001100111 2
#2195
b1111111101101011 "
b1111111011111100 2
#2196
b1111111110111110 "
b1111111101101011 2
#2197
b1111111111101110 "
b1111111110111110 2
#2198
b1111111111111111 "
b1111111111101110 2
#2199
b1111111111110000 "
b1111111111111111 2
#2200
b1111111111000001 "
b1111111111110000 2
#2201
b1111111101110000 "
b1111111111000001 2
#2202
b1111111100000010 "
b1111111101110000 2
#2203
b1111111001101111 "
b1111111100000010 2
#2204
b1111110111000011 "
b1111111001101111 2
#2205
b1111110011101110 "
b1111110111000011 2
#2206
b1111110000000100 "
b1111110011101110 2
#2207
b1111101011101110 "
b1111110000000100 2
#2208
b1111100111001000 "
b1111101011101110 2
#2209
b1111100001110011 "
b1111100111001000 2
#2210
b1111011100010000 "
b1111100001110011 2
#2211
b1111010101111101 "
b1111011100010000 2
#2212
b1111001111100000 "
b1111010101111101 2
#2213
b1111001000010000 "
b1111001111100000 2
#2214
b1111000000111010 "
b1111001000010000 2
#2215
b1110111000110000 "
b1111000000111010 2
#2216
b1110110000100011 "
b1110111000110000 2
#2217
b1110100111100000 "
b1110110000100011 2
#2218
b1110011110011111 "
b1110100111100000 2
#2219
b1110010100100101 "
b1110011110011111 2
#2220
b1110001010110001 "
b1110010100100101 2
#2221
b1110000000000100 "
b1110001010110001 2
#2222
b1101110101100000 "
b1110000000000100 2
#2223
b1101101010100101 "
b1101110101100000 2
#2224
b1101011110110000 "
b1101101010100101 2
#2225
b1101010011001001 "
b1101011110110000 2
#2226
b1101000110100111 "
b1101010011001001 2
#2227
b1100111010010111 "
b1101000110100111 2
#2228
b1100101101001100 "
b1100111010010111 2
#2229
b1100100000010110 "
b1100101101001100 2
#2230
b1100010010100100 "
b1100100000010110 2
#2231
b1100000101001100 "
b1100010010100100 2
#2232
b1011110110110111 "
b1100000101001100 2
#2233
b1011101000111111 "
b1011110110110111 2
#2234
b1011011010001100 "
b1011101000111111 2
#2235
b1011001011111000 "
b1011011010001100 2
#2236
b1010111100101001 "
b1011001011111000 2
#2237
b1010101101111101 "
b1010111100101001 2
#2238
b1010011110010111 "
b1010101101111101 2
#2239
b1010001111010110 "
b1010011110010111 2
#2240
b1001111111011100 "
b1010001111010110 2
#2241
b1001110000001011 "
b1001111111011100 2
#2242
b1001100000000001 "
b1001110000001011 2
#2243
b1001010000100011 "
b1001100000000001 2
#2244
b1001000000001110 "
b1001010000100011 2
#2245
b1000110000100111 "
b1001000000001110 2
#2246
b1000100000001011 "
b1000110000100111 2
#2247
b1000010000011111 "
b1000100000001011 2
#2248
b1000000000110010 "
b1000010000011111 2
#2249
b111110000010010 "
b1000000000110010 2
#2250
b111100000100110 "
b111110000010010 2
#2251
b111010000001010 "
b111100000100110 2
#2252
b111000000100011 "
b111010000001010 2
#2253
b110110000001101 "
b111000000100011 2
#2254
b110100000101111 "
b110110000001101 2
#2255
b110010000100101 "
b110100000101111 2
#2256
b110000001010011 "
b110010000100101 2
#2257
b101110001011001 "
b110000001010011 2
#2258
b101100010011000 "
b101110001011001 2
#2259
b101010010110001 "
b101100010011000 2
#2260
b101000100000101 "
b101010010110001 2
#2261
b100110100110101 "
b101000100000101 2
#2262
b100100110100001 "
b100110100110101 2
#2263
b100010111101100 "
b100100110100001 2
#2264
b100001001110100 "
b100010111101100 2
#2265
b11111011011110 "
b100001001110100 2
#2266
b11101110000101 "
b11111011011110 2
#2267
b11100000010010 "
b11101110000101 2
#2268
b11010011011100 "
b11100000010010 2
#2269
b11000110001111 "
b11010011011100 2
#2270
b10111001111110 "
b11000110001111 2
#2271
b10101101011011 "
b10111001111110 2
#2272
b10100001110100 "
b10101101011011 2
#2273
b10010110100001 "
b10100001110100 2
#2274
b10001011000010 "
b10010110100001 2
#2275
b10000000011100 "
b10001011000010 2
#2276
b1110101101110 "
b10000000011100 2
#2277
b1101011111000 "
b1110101101110 2
#2278
b1100001111110 "
b1101011111000 2
#2279
b1011000111011 "
b1100001111110 2
#2280
b1001111110111 "
b1011000111011 2
#2281
b1000111101001 "
b1001111110111 2
#2282
b111111011101 "
b1000111101001 2
#2283
b111000000110 "
b111111011101 2
#2284
b110000110101 "
b111000000110 2
#2285
b101010010110 "
b110000110101 2
#2286
b100100000001 "
b101010010110 2
#2287
b11110011101 "
b100100000001 2
#2288
b11001000111 "
b11110011101 2
#2289
b10100011111 "
b11001000111 2
#2290
b10000000111 "
b10100011111 2
#2291
b1100011100 "
b10000000111 2
#2292
b1001000110 "
b1100011100 2
#2293
b110011000 "
b1001000110 2
#2294
b100000011 "
b110011000 2
#2295
b10010100 "
b100000011 2
#2296
b1000001 "
b10010100 2
#2297
b10001 "
b1000001 2
#2298
b0 "
b10001 2
#2299
b1111 "
b0 2
#2300
b111110 "
b1111 2
#2301
b10001111 "
b111110 2
#2302
b11111101 "
b10001111 2
#2303
b110010000 "
b11111101 2
#2304
b1000111100 "
b110010000 2
#2305
b1100010001 "
b1000111100 2
#2306
b1111111011 "
b1100010001 2
#2307
b10100010001 "
b1111111011 2
#2308
b11000110111 "
b10100010001 2
#2309
b11110001100 "
b11000110111 2
#2310
b100011101111 "
b11110001100 2
#2311
b101010000010 "
b100011101111 2
#2312
b110000011111 "
b101010000010 2
#2313
b110111101111 "
b110000011111 2
#2314
b111111000101 "
b110111101111 2
#2315
b1000111001111 "
b111111000101 2
#2316
b1001111011100 "
b1000111001111 2
#2317
b1011000011111 "
b1001111011100 2
#2318
b1100001100000 "
b1011000011111 2
#2319
b1101011011010 "
b1100001100000 2
#2320
b1110101001110 "
b1101011011010 2
#2321
b1111111111011 "
b1110101001110 2
#2322
b10001010011111 "
b1111111111011 2
#2323
b10010101011010 "
b10001010011111 2
#2324
b10100001001111 "
b10010101011010 2
#2325
b10101100110110 "
b10100001001111 2
#2326
b10111001011000 "
b10101100110110 2
#2327
b11000101101000 "
b10111001011000 2
#2328
b11010010110011 "
b11000101101000 2
#2329
b11011111101001 "
b11010010110011 2
#2330
b11101101011011 "
b11011111101001 2
#2331
b11111010110011 "
b11101101011011 2
#2332
b100001001001000 "
b11111010110011 2
#2333
b100010111000000 "
b100001001001000 2
#2334
b100100101110011 "
b100010111000000 2
#2335
b100110100000111 "
b100100101110011 2
#2336
b101000011010110 "
b100110100000111 2
#2337
b101010010000010 "
b101000011010110 2
#2338
b101100001101000 "
b101010010000010 2
#2339
b101110000101001 "
b101100001101000 2
#2340
b110000000100011 "
b101110000101001 2
#2341
b110001111110100 "
b110000000100011 2
#2342
b110011111111110 "
b110001111110100 2
#2343
b110101111011100 "
b110011111111110 2
#2344
b110111111110001 "
b110101111011100 2
#2345
b111001111011000 "
b110111111110001 2
#2346
b111011111110100 "
b111001111011000 2
#2347
b111101111100000 "
b111011111110100 2
#2348
b111111111001101 "
b111101111100000 2
#2349
b1000001111101101 "
b111111111001101 2
#2350
b1000011111011001 "
b1000001111101101 2
#2351
b1000101111110101 "
b1000011111011001 2
#2352
b1000111111011100 "
b1000101111110101 2
#2353
b1001001111110010 "
b1000111111011100 2
#2354
b1001011111010000 "
b1001001111110010 2
#2355
b1001101111011010 "
b1001011111010000 2
#2356
b1001111110101100 "
b1001101111011010 2
#2357
b1010001110100110 "
b1001111110101100 2
#2358
b1010011101100111 "
b1010001110100110 2
#2359
b1010101101001110 "
b1010011101100111 2
#2360
b1010111011111010 "
b1010101101001110 2
#2361
b1011001011001010 "
b1010111011111010 2
#2362
b1011011001011110 "
b1011001011001010 2
#2363
b1011101000010011 "
b1011011001011110 2
#2364
b1011110110001011 "
b1011101000010011 2
#2365
b1100000100100001 "
b1011110110001011 2
#2366
b1100010001111010 "
b1100000100100001 2
#2367
b1100011111101101 "
b1100010001111010 2
#2368
b1100101100100011 "
b1100011111101101 2
#2369
b1100111001110000 "
b1100101100100011 2
#2370
b1101000110000001 "
b1100111001110000 2
#2371
b1101010010100100 "
b1101000110000001 2
#2372
b1101011110001011 "
b1101010010100100 2
#2373
b1101101001011110 "
b1101011110001011 2
#2374
b1101110100111101 "
b1101101001011110 2
#2375
b1101111111100011 "
b1101110100111101 2
#2376
b1110001010010001 "
b1101111111100011 2
#2377
b1110010100000111 "
b1110001010010001 2
#2378
b1110011110000001 "
b1110010100000111 2
#2379
b1110100111000100 "
b1110011110000001 2
#2380
b1110110000001000 "
b1110100111000100 2
#2381
b1110111000010110 "
b1110110000001000 2
#2382
b1111000000100010 "
b1110111000010110 2
#2383
b1111000111111001 "
b1111000000100010 2
#2384
b1111001111001010 "
b1111000111111001 2
#2385
b1111010101101001 "
b1111001111001010 2
#2386
b1111011011111110 "
b1111010101101001 2
#2387
b1111100001100010 "
b1111011011111110 2
#2388
b1111100110111000 "
b1111100001100010 2
#2389
b1111101011100000 "
b1111100110111000 2
#2390
b1111101111111000 "
b1111101011100000 2
#2391
b1111110011100011 "
b1111101111111000 2
#2392
b1111110110111001 "
b1111110011100011 2
#2393
b1111111001100111 "
b1111110110111001 2
#2394
b1111111011111100 "
b1111111001100111 2
#2395
b1111111101101011 "
b1111111011111100 2
#2396
b1111111110111110 "
b1111111101101011 2
#2397
b1111111111101110 "
b1111111110111110 2
#2398
b1111111111111111 "
b1111111111101110 2
#2399
b1111111111110000 "
b1111111111111111 2
#2400
b1111111111000001 "
b1111111111110000 2
#2401
b1111111101110000 "
b1111111111000001 2
#2402
b1111111100000010 "
b1111111101110000 2
#2403
b1111111001101111 "
b1111111100000010 2
#2404
b1111110111000011 "
b1111111001101111 2
#2405
b1111110011101110 "
b1111110111000011 2
#2406
b1111110000000100 "
b1111110011101110 2
#2407
b1111101011101110 "
b1111110000000100 2
#2408
b1111100111001000 "
b1111101011101110 2
#2409
b1111100001110011 "
b1111100111001000 2
#2410
b1111011100010000 "
b1111100001110011 2
#2411
b1111010101111101 "
b1111011100010000 2
#2412
b1111001111100000 "
b1111010101111101 2
#2413
b1111001000010000 "
b1111001111100000 2
#2414
b1111000000111010 "
b1111001000010000 2
#2415
b1110111000110000 "
b1111000000111010 2
#2416
b1110110000100011 "
b1110111000110000 2
#2417
b1110100111100000 "
b1110110000100011 2
#2418
b1110011110011111 "
b1110100111100000 2
#2419
b1110010100100101 "
b1110011110011111 2
#2420
b1110001010110001 "
b1110010100100101 2
#2421
b1110000000000100 "
b1110001010110001 2
#2422
b1101110101100000 "
b1110000000000100 2
#2423
b1101101010100101 "
b1101110101100000 2
#2424
b1101011110110000 "
b1101101010100101 2
#2425
b1101010011001001 "
b1101011110110000 2
#2426
b1101000110100111 "
b1101010011001001 2
#2427
b1100111010010111 "
b1101000110100111 2
#2428
b1100101101001100 "
b1100111010010111 2
#2429
b1100100000010110 "
b1100101101001100 2
#2430
b1100010010100100 "
b1100100000010110 2
#2431
b1100000101001100 "
b1100010010100100 2
#2432
b1011110110110111 "
b1100000101001100 2
#2433
b1011101000111111 "
b1011110110110111 2
#2434
b1011011010001100 "
b1011101000111111 2
#2435
b1011001011111000 "
b1011011010001100 2
#2436
b1010111100101001 "
b1011001011111000 2
#2437
b1010101101111101 "
b1010111100101001 2
#2438
b1010011110010111 "
b1010101101111101 2
#2439
b1010001111010110 "
b1010011110010111 2
#2440
b1001111111011100 "
b1010001111010110 2
#2441
b1001110000001011 "
b1001111111011100 2
#2442
b1001100000000001 "
b1001110000001011 2
#2443
b1001010000100011 "
b1001100000000001 2
#2444
b1001000000001110 "
b1001010000100011 2
#2445
b1000110000100111 "
b1001000000001110 2
#2446
b1000100000001011 "
b1000110000100111 2
#2447
b1000010000011111 "
b1000100000001011 2
#2448
b1000000000110010 "
b1000010000011111 2
#2449
b111110000010010 "
b1000000000110010 2
#2450
b111100000100110 "
b111110000010010 2
#2451
b111010000001010 "
b111100000100110 2
#2452
b111000000100011 "
b111010000001010 2
#2453
b110110000001101 "
b111000000100011 2
#2454
b110100000101111 "
b110110000001101 2
#2455
b110010000100101 "
b110100000101111 2
#2456
b110000001010011 "
b110010000100101 2
#2457
b101110001011001 "
b110000001010011 2
#2458
b101100010011000 "
b101110001011001 2
#2459
b101010010110001 "
b101100010011000 2
#2460
b101000100000101 "
b101010010110001 2
#2461
b100110100110101 "
b101000100000101 2
#2462
b100100110100001 "
b100110100110101 2
#2463
b100010111101100 "
b100100110100001 2
#2464
b100001001110100 "
b100010111101100 2
#2465
b11111011011110 "
b100001001110100 2
#2466
b11101110000101 "
b11111011011110 2
#2467
b11100000010010 "
b11101110000101 2
#2468
b11010011011100 "
b11100000010010 2
#2469
b11000110001111 "
b11010011011100 2
#2470
b10111001111110 "
b11000110001111 2
#2471
b10101101011011 "
b10111001111110 2
#2472
b10100001110100 "
b10101101011011 2
#2473
b10010110100001 "
b10100001110100 2
#2474
b10001011000010 "
b10010110100001 2
#2475
b10000000011100 "
b10001011000010 2
#2476
b1110101101110 "
b10000000011100 2
#2477
b1101011111000 "
b1110101101110 2
#2478
b1100001111110 "
b1101011111000 2
#2479
b1011000111011 "
b1100001111110 2
#2480
b1001111110111 "
b1011000111011 2
#2481
b1000111101001 "
b1001111110111 2
#2482
b111111011101 "
b1000111101001 2
#2483
b111000000110 "
b111111011101 2
#2484
b110000110101 "
b111000000110 2
#2485
b101010010110 "
b110000110101 2
#2486
b100100000001 "
b101010010110 2
#2487
b11110011101 "
b100100000001 2
#2488
b11001000111 "
b11110011101 2
#2489
b10100011111 "
b11001000111 2
#2490
b10000000111 "
b10100011111 2
#2491
b1100011100 "
b10000000111 2
#2492
b1001000110 "
b1100011100 2
#2493
b110011000 "
b1001000110 2
#2494
b100000011 "
b110011000 2
#2495
b10010100 "
b100000011 2
#2496
b1000001 "
b10010100 2
#2497
b10001 "
b1000001 2
#2498
b0 "
b10001 2
#2499
b1111 "
b0 2
#2500
b111110 "
b1111 2
#2501
b10001111 "
b111110 2
#2502
b11111101 "
b10001111 2
#2503
b110010000 "
b11111101 2
#2504
b1000111100 "
b110010000 2
#2505
b1100010001 "
b1000111100 2
#2506
b1111111011 "
b1100010001 2
#2507
b10100010001 "
b1111111011 2
#2508
b11000110111 "
b10100010001 2
#2509
b11110001100 "
b11000110111 2
#2510
b100011101111 "
b11110001100 2
#2511
b101010000010 "
b100011101111 2
#2512
b110000011111 "
b101010000010 2
#2513
b110111101111 "
b110000011111 2
#2514
b111111000101 "
b110111101111 2
#2515
b1000111001111 "
b111111000101 2
#2516
b1001111011100 "
b1000111001111 2
#2517
b1011000011111 "
b1001111011100 2
#2518
b1100001100000 "
b1011000011111 2
#2519
b1101011011010 "
b1100001100000 2
#2520
b1110101001110 "
b1101011011010 2
#2521
b1111111111011 "
b1110101001110 2
#2522
b10001010011111 "
b1111111111011 2
#2523
b10010101011010 "
b10001010011111 2
#2524
b10100001001111 "
b10010101011010 2
#2525
b10101100110110 "
b10100001001111 2
#2526
b10111001011000 "
b10101100110110 2
#2527
b11000101101000 "
b10111001011000 2
#2528
b11010010110011 "
b11000101101000 2
#2529
b11011111101001 "
b11010010110011 2
#2530
b11101101011011 "
b11011111101001 2
#2531
b11111010110011 "
b11101101011011 2
#2532
b100001001001000 "
b11111010110011 2
#2533
b100010111000000 "
b100001001001000 2
#2534
b100100101110011 "
b100010111000000 2
#2535
b100110100000111 "
b100100101110011 2
#2536
b101000011010110 "
b100110100000111 2
#2537
b101010010000010 "
b101000011010110 2
#2538
b101100001101000 "
b101010010000010 2
#2539
b101110000101001 "
b101100001101000 2
#2540
b110000000100011 "
b101110000101001 2
#2541
b110001111110100 "
b110000000100011 2
#2542
b110011111111110 "
b110001111110100 2
#2543
b110101111011100 "
b110011111111110 2
#2544
b110111111110001 "
b110101111011100 2
#2545
b111001111011000 "
b110111111110001 2
#2546
b111011111110100 "
b111001111011000 2
#2547
b111101111100000 "
b111011111110100 2
#2548
b111111111001101 "
b111101111100000 2
#2549
b1000001111101101 "
b111111111001101 2
#2550
b1000011111011001 "
b1000001111101101 2
#2551
b1000101111110101 "
b1000011111011001 2
#2552
b1000111111011100 "
b1000101111110101 2
#2553
b1001001111110010 "
b1000111111011100 2
#2554
b1001011111010000 "
b1001001111110010 2
#2555
b1001101111011010 "
b1001011111010000 2
#2556
b1001111110101100 "
b1001101111011010 2
#2557
b1010001110100110 "
b1001111110101100 2
#2558
b1010011101100111 "
b1010001110100110 2
#2559
b1010101101001110 "
b1010011101100111 2
#2560
b1010111011111010 "
b1010101101001110 2
#2561
b1011001011001010 "
b1010111011111010 2
#2562
b1011011001011110 "
b1011001011001010 2
#2563
b1011101000010011 "
b1011011001011110 2
#2564
b1011110110001011 "
b1011101000010011 2
#2565
b1100000100100001 "
b1011110110001011 2
#2566
b1100010001111010 "
b1100000100100001 2
#2567
b1100011111101101 "
b1100010001111010 2
#2568
b1100101100100011 "
b1100011111101101 2
#2569
b1100111001110000 "
b1100101100100011 2
#2570
b1101000110000001 "
b1100111001110000 2
#2571
b1101010010100100 "
b1101000110000001 2
#2572
b1101011110001011 "
b1101010010100100 2
#2573
b1101101001011110 "
b1101011110001011 2
#2574
b1101110100111101 "
b1101101001011110 2
#2575
b1101111111100011 "
b1101110100111101 2
#2576
b1110001010010001 "
b1101111111100011 2
#2577
b1110010100000111 "
b1110001010010001 2
#2578
b1110011110000001 "
b1110010100000111 2
#2579
b1110100111000100 "
b1110011110000001 2
#2580
b1110110000001000 "
b1110100111000100 2
#2581
b1110111000010110 "
b1110110000001000 2
#2582
b1111000000100010 "
b1110111000010110 2
#2583
b1111000111111001 "
b1111000000100010 2
#2584
b1111001111001010 "
b1111000111111001 2
#2585
b1111010101101001 "
b1111001111001010 2
#2586
b1111011011111110 "
b1111010101101001 2
#2587
b1111100001100010 "
b1111011011111110 2
#2588
b1111100110111000 "
b1111100001100010 2
#2589
b1111101011100000 "
b1111100110111000 2
#2590
b1111101111111000 "
b1111101011100000 2
#2591
b1111110011100011 "
b1111101111111000 2
#2592
b1111110110111001 "
b1111110011100011 2
#2593
b1111111001100111 "
b1111110110111001 2
#2594
b1111111011111100 "
b1111111001100111 2
#2595
b1111111101101011 "
b1111111011111100 2
#2596
b1111111110111110 "
b1111111101101011 2
#2597
b1111111111101110 "
b1111111110111110 2
#2598
b1111111111111111 "
b1111111111101110 2
#2599
b1111111111110000 "
b1111111111111111 2
#2600
b1111111111000001 "
b1111111111110000 2
#2601
b1111111101110000 "
b1111111111000001 2
#2602
b1111111100000010 "
b1111111101110000 2
#2603
b1111111001101111 "
b1111111100000010 2
#2604
b1111110111000011 "
b1111111001101111 2
#2605
b1111110011101110 "
b1111110111000011 2
#2606
b1111110000000100 "
b1111110011101110 2
#2607
b1111101011101110 "
b1111110000000100 2
#2608
b1111100111001000 "
b1111101011101110 2
#2609
b1111100001110011 "
b1111100111001000 2
#2610
b1111011100010000 "
b1111100001110011 2
#2611
b1111010101111101 "
b1111011100010000 2
#2612
b1111001111100000 "
b1111010101111101 2
#2613
b1111001000010000 "
b1111001111100000 2
#2614
b1111000000111010 "
b1111001000010000 2
#2615
b1110111000110000 "
b1111000000111010 2
#2616
b1110110000100011 "
b1110111000110000 2
#2617
b1110100111100000 "
b1110110000100011 2
#2618
b1110011110011111 "
b1110100111100000 2
#2619
b1110010100100101 "
b1110011110011111 2
#2620
b1110001010110001 "
b1110010100100101 2
#2621
b1110000000000100 "
b1110001010110001 2
#2622
b1101110101100000 "
b1110000000000100 2
#2623
b1101101010100101 "
b1101110101100000 2
#2624
b1101011110110000 "
b1101101010100101 2
#2625
b1101010011001001 "
b1101011110110000 2
#2626
b1101000110100111 "
b1101010011001001 2
#2627
b1100111010010111 "
b1101000110100111 2
#2628
b1100101101001100 "
b1100111010010111 2
#2629
b1100100000010110 "
b1100101101001100 2
#2630
b1100010010100100 "
b1100100000010110 2
#2631
b1100000101001100 "
b1100010010100100 2
#2632
b1011110110110111 "
b1100000101001100 2
#2633
b1011101000111111 "
b1011110110110111 2
#2634
b1011011010001100 "
b1011101000111111 2
#2635
b1011001011111000 "
b1011011010001100 2
#2636
b1010111100101001 "
b1011001011111000 2
#2637
b1010101101111101 "
b1010111100101001 2
#2638
b1010011110010111 "
b1010101101111101 2
#2639
b1010001111010110 "
b1010011110010111 2
#2640
b1001111111011100 "
b1010001111010110 2
#2641
b1001110000001011 "
b1001111111011100 2
#2642
b1001100000000001 "
b1001110000001011 2
#2643
b1001010000100011 "
b1001100000000001 2
#2644
b1001000000001110 "
b1001010000100011 2
#2645
b1000110000100111 "
b1001000000001110 2
#2646
b1000100000001011 "
b1000110000100111 2
#2647
b1000010000011111 "
b1000100000001011 2
#2648
b1000000000110010 "
b1000010000011111 2
#2649
b111110000010010 "
b1000000000110010 2
#2650
b111100000100110 "
b111110000010010 2
#2651
b111010000001010 "
b111100000100110 2
#2652
b111000000100011 "
b111010000001010 2
#2653
b110110000001101 "
b111000000100011 2
#2654
b110100000101111 "
b110110000001101 2
#2655
b110010000100101 "
b110100000101111 2
#2656
b110000001010011 "
b110010000100101 2
#2657
b101110001011001 "
b110000001010011 2
#2658
b101100010011000 "
b101110001011001 2
#2659
b101010010110001 "
b101100010011000 2
#2660
b101000100000101 "
b101010010110001 2
#2661
b100110100110101 "
b101000100000101 2
#2662
b100100110100001 "
b100110100110101 2
#2663
b100010111101100 "
b100100110100001 2
#2664
b100001001110100 "
b100010111101100 2
#2665
b11111011011110 "
b100001001110100 2
#2666
b11101110000101 "
b11111011011110 2
#2667
b11100000010010 "
b11101110000101 2
#2668
b11010011011100 "
b11100000010010 2
#2669
b11000110001111 "
b11010011011100 2
#2670
b10111001111110 "
b11000110001111 2
#2671
b10101101011011 "
b10111001111110 2
#2672
b10100001110100 "
b10101101011011 2
#2673
b10010110100001 "
b10100001110100 2
#2674
b10001011000010 "
b10010110100001 2
#2675
b10000000011100 "
b10001011000010 2
#2676
b1110101101110 "
b10000000011100 2
#2677
b1101011111000 "
b1110101101110 2
#2678
b1100001111110 "
b1101011111000 2
#2679
b1011000111011 "
b1100001111110 2
#2680
b1001111110111 "
b1011000111011 2
#2681
b1000111101001 "
b1001111110111 2
#2682
b111111011101 "
b1000111101001 2
#2683
b111000000110 "
b111111011101 2
#2684
b110000110101 "
b111000000110 2
#2685
b101010010110 "
b110000110101 2
#2686
b100100000001 "
b101010010110 2
#2687
b11110011101 "
b100100000001 2
#2688
b11001000111 "
b11110011101 2
#2689
b10100011111 "
b11001000111 2
#2690
b10000000111 "
b10100011111 2
#2691
b1100011100 "
b10000000111 2
#2692
b1001000110 "
b1100011100 2
#2693
b110011000 "
b1001000110 2
#2694
b100000011 "
b110011000 2
#2695
b10010100 "
b100000011 2
#2696
b1000001 "
b10010100 2
#2697
b10001 "
b1000001 2
#2698
b0 "
b10001 2
#2699
b1111 "
b0 2
#2700
b111110 "
b1111 2
#2701
b10001111 "
b111110 2
#2702
b11111101 "
b10001111 2
#2703
b110010000 "
b11111101 2
#2704
b1000111100 "
b110010000 2
#2705
b1100010001 "
b1000111100 2
#2706
b1111111011 "
b1100010001 2
#2707
b10100010001 "
b1111111011 2
#2708
b11000110111 "
b10100010001 2
#2709
b11110001100 "
b11000110111 2
#2710
b100011101111 "
b11110001100 2
#2711
b101010000010 "
b100011101111 2
#2712
b110000011111 "
b101010000010 2
#2713
b110111101111 "
b110000011111 2
#2714
b111111000101 "
b110111101111 2
#2715
b1000111001111 "
b111111000101 2
#2716
b1001111011100 "
b1000111001111 2
#2717
b1011000011111 "
b1001111011100 2
#2718
b1100001100000 "
b1011000011111 2
#2719
b1101011011010 "
b1100001100000 2
#2720
b1110101001110 "
b1101011011010 2
#2721
b1111111111011 "
b1110101001110 2
#2722
b10001010011111 "
b1111111111011 2
#2723
b10010101011010 "
b10001010011111 2
#2724
b10100001001111 "
b10010101011010 2
#2725
b10101100110110 "
b10100001001111 2
#2726
b10111001011000 "
b10101100110110 2
#2727
b11000101101000 "
b10111001011000 2
#2728
b11010010110011 "
b11000101101000 2
#2729
b11011111101001 "
b11010010110011 2
#2730
b11101101011011 "
b11011111101001 2
#2731
b11111010110011 "
b11101101011011 2
#2732
b100001001001000 "
b11111010110011 2
#2733
b100010111000000 "
b100001001001000 2
#2734
b100100101110011 "
b100010111000000 2
#2735
b100110100000111 "
b100100101110011 2
#2736
b101000011010110 "
b100110100000111 2
#2737
b101010010000010 "
b101000011010110 2
#2738
b101100001101000 "
b101010010000010 2
#2739
b101110000101001 "
b101100001101000 2
#2740
b110000000100011 "
b101110000101001 2
#2741
b110001111110100 "
b110000000100011 2
#2742
b110011111111110 "
b110001111110100 2
#2743
b110101111011100 "
b110011111111110 2
#2744
b110111111110001 "
b110101111011100 2
#2745
b111001111011000 "
b110111111110001 2
#2746
b111011111110100 "
b111001111011000 2
#2747
b111101111100000 "
b111011111110100 2
#2748
b111111111001101 "
b111101111100000 2
#2749
b1000001111101101 "
b111111111001101 2
#2750
b1000011111011001 "
b1000001111101101 2
#2751
b1000101111110101 "
b1000011111011001 2
#2752
b1000111111011100 "
b1000101111110101 2
#2753
b1001001111110010 "
b1000111111011100 2
#2754
b1001011111010000 "
b1001001111110010 2
#2755
b1001101111011010 "
b1001011111010000 2
#2756
b1001111110101100 "
b1001101111011010 2
#2757
b1010001110100110 "
b1001111110101100 2
#2758
b1010011101100111 "
b1010001110100110 2
#2759
b1010101101001110 "
b1010011101100111 2
#2760
b1010111011111010 "
b1010101101001110 2
#2761
b1011001011001010 "
b1010111011111010 2
#2762
b1011011001011110 "
b1011001011001010 2
#2763
b1011101000010011 "
b1011011001011110 2
#2764
b1011110110001011 "
b1011101000010011 2
#2765
b1100000100100001 "
b1011110110001011 2
#2766
b1100010001111010 "
b1100000100100001 2
#2767
b1100011111101101 "
b1100010001111010 2
#2768
b1100101100100011 "
b1100011111101101 2
#2769
b1100111001110000 "
b1100101100100011 2
#2770
b1101000110000001 "
b1100111001110000 2
#2771
b1101010010100100 "
b1101000110000001 2
#2772
b1101011110001011 "
b1101010010100100 2
#2773
b1101101001011110 "
b1101011110001011 2
#2774
b1101110100111101 "
b1101101001011110 2
#2775
b1101111111100011 "
b1101110100111101 2
#2776
b1110001010010001 "
b1101111111100011 2
#2777
b1110010100000111 "
b1110001010010001 2
#2778
b1110011110000001 "
b1110010100000111 2
#2779
b1110100111000100 "
b1110011110000001 2
#2780
b1110110000001000 "
b1110100111000100 2
#2781
b1110111000010110 "
b1110110000001000 2
#2782
b1111000000100010 "
b1110111000010110 2
#2783
b1111000111111001 "
b1111000000100010 2
#2784
b1111001111001010 "
b1111000111111001 2
#2785
b1111010101101001 "
b1111001111001010 2
#2786
b1111011011111110 "
b1111010101101001 2
#2787
b1111100001100010 "
b1111011011111110 2
#2788
b1111100110111000 "
b1111100001100010 2
#2789
b1111101011100000 "
b1111100110111000 2
#2790
b1111101111111000 "
b1111101011100000 2
#2791
b1111110011100011 "
b1111101111111000 2
#2792
b1111110110111001 "
b1111110011100011 2
#2793
b1111111001100111 "
b1111110110111001 2
#2794
b1111111011111100 "
b1111111001100111 2
#2795
b1111111101101011 "
b1111111011111100 2
#2796
b1111111110111110 "
b1111111101101011 2
#2797
b1111111111101110 "
b1111111110111110 2
#2798
b1111111111111111 "
b1111111111101110 2
#2799
b1111111111110000 "
b1111111111111111 2
#2800
b1111111111000001 "
b1111111111110000 2
#2801
b1111111101110000 "
b1111111111000001 2
#2802
b1111111100000010 "
b1111111101110000 2
#2803
b1111111001101111 "
b1111111100000010 2
#2804
b1111110111000011 "
b1111111001101111 2
#2805
b1111110011101110 "
b1111110111000011 2
#2806
b1111110000000100 "
b1111110011101110 2
#2807
b1111101011101110 "
b1111110000000100 2
#2808
b1111100111001000 "
b1111101011101110 2
#2809
b1111100001110011 "
b1111100111001000 2
#2810
b1111011100010000 "
b1111100001110011 2
#2811
b1111010101111101 "
b1111011100010000 2
#2812
b1111001111100000 "
b1111010101111101 2
#2813
b1111001000010000 "
b1111001111100000 2
#2814
b1111000000111010 "
b1111001000010000 2
#2815
b1110111000110000 "
b1111000000111010 2
#2816
b1110110000100011 "
b1110111000110000 2
#2817
b1110100111100000 "
b1110110000100011 2
#2818
b1110011110011111 "
b1110100111100000 2
#2819
b1110010100100101 "
b1110011110011111 2
#2820
b1110001010110001 "
b1110010100100101 2
#2821
b1110000000000100 "
b1110001010110001 2
#2822
b1101110101100000 "
b1110000000000100 2
#2823
b1101101010100101 "
b1101110101100000 2
#2824
b1101011110110000 "
b1101101010100101 2
#2825
b1101010011001001 "
b1101011110110000 2
#2826
b1101000110100111 "
b1101010011001001 2
#2827
b1100111010010111 "
b1101000110100111 2
#2828
b1100101101001100 "
b1100111010010111 2
#2829
b1100100000010110 "
b1100101101001100 2
#2830
b1100010010100100 "
b1100100000010110 2
#2831
b1100000101001100 "
b1100010010100100 2
#2832
b1011110110110111 "
b1100000101001100 2
#2833
b1011101000111111 "
b1011110110110111 2
#2834
b1011011010001100 "
b1011101000111111 2
#2835
b1011001011111000 "
b1011011010001100 2
#2836
b1010111100101001 "
b1011001011111000 2
#2837
b1010101101111101 "
b1010111100101001 2
#2838
b1010011110010111 "
b1010101101111101 2
#2839
b1010001111010110 "
b1010011110010111 2
#2840
b1001111111011100 "
b1010001111010110 2
#2841
b1001110000001011 "
b1001111111011100 2
#2842
b1001100000000001 "
b1001110000001011 2
#2843
b1001010000100011 "
b1001100000000001 2
#2844
b1001000000001110 "
b1001010000100011 2
#2845
b1000110000100111 "
b1001000000001110 2
#2846
b1000100000001011 "
b1000110000100111 2
#2847
b1000010000011111 "
b1000100000001011 2
#2848
b1000000000110010 "
b1000010000011111 2
#2849
b111110000010010 "
b1000000000110010 2
#2850
b111100000100110 "
b111110000010010 2
#2851
b111010000001010 "
b111100000100110 2
#2852
b111000000100011 "
b111010000001010 2
#2853
b110110000001101 "
b111000000100011 2
#2854
b110100000101111 "
b110110000001101 2
#2855
b110010000100101 "
b110100000101111 2
#2856
b110000001010011 "
b110010000100101 2
#2857
b101110001011001 "
b110000001010011 2
#2858
b101100010011000 "
b101110001011001 2
#2859
b101010010110001 "
b101100010011000 2
#2860
b101000100000101 "
b101010010110001 2
#2861
b100110100110101 "
b101000100000101 2
#2862
b100100110100001 "
b100110100110101 2
#2863
b100010111101100 "
b100100110100001 2
#2864
b100001001110100 "
b100010111101100 2
#2865
b11111011011110 "
b100001001110100 2
#2866
b11101110000101 "
b11111011011110 2
#2867
b11100000010010 "
b11101110000101 2
#2868
b11010011011100 "
b11100000010010 2
#2869
b11000110001111 "
b11010011011100 2
#2870
b10111001111110 "
b11000110001111 2
#2871
b10101101011011 "
b10111001111110 2
#2872
b10100001110100 "
b10101101011011 2
#2873
b10010110100001 "
b10100001110100 2
#2874
b10001011000010 "
b10010110100001 2
#2875
b10000000011100 "
b10001011000010 2
#2876
b1110101101110 "
b10000000011100 2
#2877
b1101011111000 "
b1110101101110 2
#2878
b1100001111110 "
b1101011111000 2
#2879
b1011000111011 "
b1100001111110 2
#2880
b1001111110111 "
b1011000111011 2
#2881
b1000111101001 "
b1001111110111 2
#2882
b111111011101 "
b1000111101001 2
#2883
b111000000110 "
b111111011101 2
#2884
b110000110101 "
b111000000110 2
#2885
b101010010110 "
b110000110101 2
#2886
b100100000001 "
b101010010110 2
#2887
b11110011101 "
b100100000001 2
#2888
b11001000111 "
b11110011101 2
#2889
b10100011111 "
b11001000111 2
#2890
b10000000111 "
b10100011111 2
#2891
b1100011100 "
b10000000111 2
#2892
b1001000110 "
b1100011100 2
#2893
b110011000 "
b1001000110 2
#2894
b100000011 "
b110011000 2
#2895
b10010100 "
b100000011 2
#2896
b1000001 "
b10010100 2
#2897
b10001 "
b1000001 2
#2898
b0 "
b10001 2
#2899
b1111 "
b0 2
#2900
b111110 "
b1111 2
#2901
b10001111 "
b111110 2
#2902
b11111101 "
b10001111 2
#2903
b110010000 "
b11111101 2
#2904
b1000111100 "
b110010000 2
#2905
b1100010001 "
b1000111100 2
#2906
b1111111011 "
b1100010001 2
#2907
b10100010001 "
b1111111011 2
#2908
b11000110111 "
b10100010001 2
#2909
b11110001100 "
b11000110111 2
#2910
b100011101111 "
b11110001100 2
#2911
b101010000010 "
b100011101111 2
#2912
b110000011111 "
b101010000010 2
#2913
b110111101111 "
b110000011111 2
#2914
b111111000101 "
b110111101111 2
#2915
b1000111001111 "
b111111000101 2
#2916
b1001111011100 "
b1000111001111 2
#2917
b1011000011111 "
b1001111011100 2
#2918
b1100001100000 "
b1011000011111 2
#2919
b1101011011010 "
b1100001100000 2
#2920
b1110101001110 "
b1101011011010 2
#2921
b1111111111011 "
b1110101001110 2
#2922
b10001010011111 "
b1111111111011 2
#2923
b10010101011010 "
b10001010011111 2
#2924
b10100001001111 "
b10010101011010 2
#2925
b10101100110110 "
b10100001001111 2
#2926
b10111001011000 "
b10101100110110 2
#2927
b11000101101000 "
b10111001011000 2
#2928
b11010010110011 "
b11000101101000 2
#2929
b11011111101001 "
b11010010110011 2
#2930
b11101101011011 "
b11011111101001 2
#2931
b11111010110011 "
b11101101011011 2
#2932
b100001001001000 "
b11111010110011 2
#2933
b100010111000000 "
b100001001001000 2
#2934
b100100101110011 "
b100010111000000 2
#2935
b100110100000111 "
b100100101110011 2
#2936
b101000011010110 "
b100110100000111 2
#2937
b101010010000010 "
b101000011010110 2
#2938
b101100001101000 "
b101010010000010 2
#2939
b101110000101001 "
b101100001101000 2
#2940
b110000000100011 "
b101110000101001 2
#2941
b110001111110100 "
b110000000100011 2
#2942
b110011111111110 "
b110001111110100 2
#2943
b110101111011100 "
b110011111111110 2
#2944
b110111111110001 "
b110101111011100 2
#2945
b111001111011000 "
b110111111110001 2
#2946
b111011111110100 "
b111001111011000 2
#2947
b111101111100000 "
b111011111110100 2
#2948
b111111111001101 "
b111101111100000 2
#2949
b1000001111101101 "
b111111111001101 2
#2950
b1000011111011001 "
b1000001111101101 2
#2951
b1000101111110101 "
b1000011111011001 2
#2952
b1000111111011100 "
b1000101111110101 2
#2953
b1001001111110010 "
b1000111111011100 2
#2954
b1001011111010000 "
b1001001111110010 2
#2955
b1001101111011010 "
b1001011111010000 2
#2956
b1001111110101100 "
b1001101111011010 2
#2957
b1010001110100110 "
b1001111110101100 2
#2958
b1010011101100111 "
b1010001110100110 2
#2959
b1010101101001110 "
b1010011101100111 2
#2960
b1010111011111010 "
b1010101101001110 2
#2961
b1011001011001010 "
b1010111011111010 2
#2962
b1011011001011110 "
b1011001011001010 2
#2963
b1011101000010011 "
b1011011001011110 2
#2964
b1011110110001011 "
b1011101000010011 2
#2965
b1100000100100001 "
b1011110110001011 2
#2966
b1100010001111010 "
b1100000100100001 2
#2967
b1100011111101101 "
b1100010001111010 2
#2968
b1100101100100011 "
b1100011111101101 2
#2969
b1100111001110000 "
b1100101100100011 2
#2970
b1101000110000001 "
b1100111001110000 2
#2971
b1101010010100100 "
b1101000110000001 2
#2972
b1101011110001011 "
b1101010010100100 2
#2973
b1101101001011110 "
b1101011110001011 2
#2974
b1101110100111101 "
b1101101001011110 2
#2975
b1101111111100011 "
b1101110100111101 2
#2976
b1110001010010001 "
b1101111111100011 2
#2977
b1110010100000111 "
b1110001010010001 2
#2978
b1110011110000001 "
b1110010100000111 2
#2979
b1110100111000100 "
b1110011110000001 2
#2980
b1110110000001000 "
b1110100111000100 2
#2981
b1110111000010110 "
b1110110000001000 2
#2982
b1111000000100010 "
b1110111000010110 2
#2983
b1111000111111001 "
b1111000000100010 2
#2984
b1111001111001010 "
b1111000111111001 2
#2985
b1111010101101001 "
b1111001111001010 2
#2986
b1111011011111110 "
b1111010101101001 2
#2987
b1111100001100010 "
b1111011011111110 2
#2988
b1111100110111000 "
b1111100001100010 2
#2989
b1111101011100000 "
b1111100110111000 2
#2990
b1111101111111000 "
b1111101011100000 2
#2991
b1111110011100011 "
b1111101111111000 2
#2992
b1111110110111001 "
b1111110011100011 2
#2993
b1111111001100111 "
b1111110110111001 2
#2994
b1111111011111100 "
b1111111001100111 2
#2995
b1111111101101011 "
b1111111011111100 2
#2996
b1111111110111110 "
b1111111101101011 2
#2997
b1111111111101110 "
b1111111110111110 2
#2998
b1111111111111111 "
b1111111111101110 2
#2999
b1111111111110000 "
b1111111111111111 2
#3000
b1111111111000001 "
b1111111111110000 2
#3001
b1111111101110000 "
b1111111111000001 2
#3002
b1111111100000010 "
b1111111101110000 2
#3003
b1111111001101111 "
b1111111100000010 2
#3004
b1111110111000011 "
b1111111001101111 2
#3005
b1111110011101110 "
b1111110111000011 2
#3006
b1111110000000100 "
b1111110011101110 2
#3007
b1111101011101110 "
b1111110000000100 2
#3008
b1111100111001000 "
b1111101011101110 2
#3009
b1111100001110011 "
b1111100111001000 2
#3010
b1111011100010000 "
b1111100001110011 2
#3011
b1111010101111101 "
b1111011100010000 2
#3012
b1111001111100000 "
b1111010101111101 2
#3013
b1111001000010000 "
b1111001111100000 2
#3014
b1111000000111010 "
b1111001000010000 2
#3015
b1110111000110000 "
b1111000000111010 2
#3016
b1110110000100011 "
b1110111000110000 2
#3017
b1110100111100000 "
b1110110000100011 2
#3018
b1110011110011111 "
b1110100111100000 2
#3019
b1110010100100101 "
b1110011110011111 2
#3020
b1110001010110001 "
b1110010100100101 2
#3021
b1110000000000100 "
b1110001010110001 2
#3022
b1101110101100000 "
b1110000000000100 2
#3023
b1101101010100101 "
b1101110101100000 2
#3024
b1101011110110000 "
b1101101010100101 2
#3025
b1101010011001001 "
b1101011110110000 2
#3026
b1101000110100111 "
b1101010011001001 2
#3027
b1100111010010111 "
b1101000110100111 2
#3028
b1100101101001100 "
b1100111010010111 2
#3029
b1100100000010110 "
b1100101101001100 2
#3030
b1100010010100100 "
b1100100000010110 2
#3031
b1100000101001100 "
b1100010010100100 2
#3032
b1011110110110111 "
b1100000101001100 2
#3033
b1011101000111111 "
b1011110110110111 2
#3034
b1011011010001100 "
b1011101000111111 2
#3035
b1011001011111000 "
b1011011010001100 2
#3036
b1010111100101001 "
b1011001011111000 2
#3037
b1010101101111101 "
b1010111100101001 2
#3038
b1010011110010111 "
b1010101101111101 2
#3039
b1010001111010110 "
b1010011110010111 2
#3040
b1001111111011100 "
b1010001111010110 2
#3041
b1001110000001011 "
b1001111111011100 2
#3042
b1001100000000001 "
b1001110000001011 2
#3043
b1001010000100011 "
b1001100000000001 2
#3044
b1001000000001110 "
b1001010000100011 2
#3045
b1000110000100111 "
b1001000000001110 2
#3046
b1000100000001011 "
b1000110000100111 2
#3047
b1000010000011111 "
b1000100000001011 2
#3048
b1000000000110010 "
b1000010000011111 2
#3049
b111110000010010 "
b1000000000110010 2
#3050
b111100000100110 "
b111110000010010 2
#3051
b111010000001010 "
b111100000100110 2
#3052
b111000000100011 "
b111010000001010 2
#3053
b110110000001101 "
b111000000100011 2
#3054
b110100000101111 "
b110110000001101 2
#3055
b110010000100101 "
b110100000101111 2
#3056
b110000001010011 "
b110010000100101 2
#3057
b101110001011001 "
b110000001010011 2
#3058
b101100010011000 "
b101110001011001 2
#3059
b101010010110001 "
b101100010011000 2
#3060
b101000100000101 "
b101010010110001 2
#3061
b100110100110101 "
b101000100000101 2
#3062
b100100110100001 "
b100110100110101 2
#3063
b100010111101100 "
b100100110100001 2
#3064
b100001001110100 "
b100010111101100 2
#3065
b11111011011110 "
b100001001110100 2
#3066
b11101110000101 "
b11111011011110 2
#3067
b11100000010010 "
b11101110000101 2
#3068
b11010011011100 "
b11100000010010 2
#3069
b11000110001111 "
b11010011011100 2
#3070
b10111001111110 "
b11000110001111 2
#3071
b10101101011011 "
b10111001111110 2
#3072
b10100001110100 "
b10101101011011 2
#3073
b10010110100001 "
b10100001110100 2
#3074
b10001011000010 "
b10010110100001 2
#3075
b10000000011100 "
b10001011000010 2
#3076
b1110101101110 "
b10000000011100 2
#3077
b1101011111000 "
b1110101101110 2
#3078
b1100001111110 "
b1101011111000 2
#3079
b1011000111011 "
b1100001111110 2
#3080
b1001111110111 "
b1011000111011 2
#3081
b1000111101001 "
b1001111110111 2
#3082
b111111011101 "
b1000111101001 2
#3083
b111000000110 "
b111111011101 2
#3084
b110000110101 "
b111000000110 2
#3085
b101010010110 "
b110000110101 2
#3086
b100100000001 "
b101010010110 2
#3087
b11110011101 "
b100100000001 2
#3088
b11001000111 "
b11110011101 2
#3089
b10100011111 "
b11001000111 2
#3090
b10000000111 "
b10100011111 2
#3091
b1100011100 "
b10000000111 2
#3092
b1001000110 "
b1100011100 2
#3093
b110011000 "
b1001000110 2
#3094
b100000011 "
b110011000 2
#3095
b10010100 "
b100000011 2
#3096
b1000001 "
b10010100 2
#3097
b10001 "
b1000001 2
#3098
b0 "
b10001 2
#3099
b1111 "
b0 2
#3100
b111110 "
b1111 2
#3101
b10001111 "
b111110 2
#3102
b11111101 "
b10001111 2
#3103
b110010000 "
b11111101 2
#3104
b1000111100 "
b110010000 2
#3105
b1100010001 "
b1000111100 2
#3106
b1111111011 "
b1100010001 2
#3107
b10100010001 "
b1111111011 2
#3108
b11000110111 "
b10100010001 2
#3109
b11110001100 "
b11000110111 2
#3110
b100011101111 "
b11110001100 2
#3111
b101010000010 "
b100011101111 2
#3112
b110000011111 "
b101010000010 2
#3113
b110111101111 "
b110000011111 2
#3114
b111111000101 "
b110111101111 2
#3115
b1000111001111 "
b111111000101 2
#3116
b1001111011100 "
b1000111001111 2
#3117
b1011000011111 "
b1001111011100 2
#3118
b1100001100000 "
b1011000011111 2
#3119
b1101011011010 "
b1100001100000 2
#3120
b1110101001110 "
b1101011011010 2
#3121
b1111111111011 "
b1110101001110 2
#3122
b10001010011111 "
b1111111111011 2
#3123
b10010101011010 "
b10001010011111 2
#3124
b10100001001111 "
b10010101011010 2
#3125
b10101100110110 "
b10100001001111 2
#3126
b10111001011000 "
b10101100110110 2
#3127
b11000101101000 "
b10111001011000 2
#3128
b11010010110011 "
b11000101101000 2
#3129
b11011111101001 "
b11010010110011 2
#3130
b11101101011011 "
b11011111101001 2
#3131
b11111010110011 "
b11101101011011 2
#3132
b100001001001000 "
b11111010110011 2
#3133
b100010111000000 "
b100001001001000 2
#3134
b100100101110011 "
b100010111000000 2
#3135
b100110100000111 "
b100100101110011 2
#3136
b101000011010110 "
b100110100000111 2
#3137
b101010010000010 "
b101000011010110 2
#3138
b101100001101000 "
b101010010000010 2
#3139
b101110000101001 "
b101100001101000 2
#3140
b110000000100011 "
b101110000101001 2
#3141
b110001111110100 "
b110000000100011 2
#3142
b110011111111110 "
b110001111110100 2
#3143
b110101111011100 "
b110011111111110 2
#3144
b110111111110001 "
b110101111011100 2
#3145
b111001111011000 "
b110111111110001 2
#3146
b111011111110100 "
b111001111011000 2
#3147
b111101111100000 "
b111011111110100 2
#3148
b111111111001101 "
b111101111100000 2
#3149
b1000001111101101 "
b111111111001101 2
#3150
b1000011111011001 "
b1000001111101101 2
#3151
b1000101111110101 "
b1000011111011001 2
#3152
b1000111111011100 "
b1000101111110101 2
#3153
b1001001111110010 "
b1000111111011100 2
#3154
b1001011111010000 "
b1001001111110010 2
#3155
b1001101111011010 "
b1001011111010000 2
#3156
b1001111110101100 "
b1001101111011010 2
#3157
b1010001110100110 "
b1001111110101100 2
#3158
b1010011101100111 "
b1010001110100110 2
#3159
b1010101101001110 "
b1010011101100111 2
#3160
b1010111011111010 "
b1010101101001110 2
#3161
b1011001011001010 "
b1010111011111010 2
#3162
b1011011001011110 "
b1011001011001010 2
#3163
b1011101000010011 "
b1011011001011110 2
#3164
b1011110110001011 "
b1011101000010011 2
#3165
b1100000100100001 "
b1011110110001011 2
#3166
b1100010001111010 "
b1100000100100001 2
#3167
b1100011111101101 "
b1100010001111010 2
#3168
b1100101100100011 "
b1100011111101101 2
#3169
b1100111001110000 "
b1100101100100011 2
#3170
b1101000110000001 "
b1100111001110000 2
#3171
b1101010010100100 "
b1101000110000001 2
#3172
b1101011110001011 "
b1101010010100100 2
#3173
b1101101001011110 "
b1101011110001011 2
#3174
b1101110100111101 "
b1101101001011110 2
#3175
b1101111111100011 "
b1101110100111101 2
#3176
b1110001010010001 "
b1101111111100011 2
#3177
b1110010100000111 "
b1110001010010001 2
#3178
b1110011110000001 "
b1110010100000111 2
#3179
b1110100111000100 "
b1110011110000001 2
#3180
b1110110000001000 "
b1110100111000100 2
#3181
b1110111000010110 "
b1110110000001000 2
#3182
b1111000000100010 "
b1110111000010110 2
#3183
b1111000111111001 "
b1111000000100010 2
#3184
b1111001111001010 "
b1111000111111001 2
#3185
b1111010101101001 "
b1111001111001010 2
#3186
b1111011011111110 "
b1111010101101001 2
#3187
b1111100001100010 "
b1111011011111110 2
#3188
b1111100110111000 "
b1111100001100010 2
#3189
b1111101011100000 "
b1111100110111000 2
#3190
b1111101111111000 "
b1111101011100000 2
#3191
b1111110011100011 "
b1111101111111000 2
#3192
b1111110110111001 "
b1111110011100011 2
#3193
b1111111001100111 "
b1111110110111001 2
#3194
b1111111011111100 "
b1111111001100111 2
#3195
b1111111101101011 "
b1111111011111100 2
#3196
b1111111110111110 "
b1111111101101011 2
#3197
b1111111111101110 "
b1111111110111110 2
#3198
b1111111111111111 "
b1111111111101110 2
#3199
b1111111111110000 "
b1111111111111111 2
#3200
b1111111111000001 "
b1111111111110000 2
#3201
b1111111101110000 "
b1111111111000001 2
#3202
b1111111100000010 "
b1111111101110000 2
#3203
b1111111001101111 "
b1111111100000010 2
#3204
b1111110111000011 "
b1111111001101111 2
#3205
b1111110011101110 "
b1111110111000011 2
#3206
b1111110000000100 "
b1111110011101110 2
#3207
b1111101011101110 "
b1111110000000100 2
#3208
b1111100111001000 "
b1111101011101110 2
#3209
b1111100001110011 "
b1111100111001000 2
#3210
b1111011100010000 "
b1111100001110011 2
#3211
b1111010101111101 "
b1111011100010000 2
#3212
b1111001111100000 "
b1111010101111101 2
#3213
b1111001000010000 "
b1111001111100000 2
#3214
b1111000000111010 "
b1111001000010000 2
#3215
b1110111000110000 "
b1111000000111010 2
#3216
b1110110000100011 "
b1110111000110000 2
#3217
b1110100111100000 "
b1110110000100011 2
#3218
b1110011110011111 "
b1110100111100000 2
#3219
b1110010100100101 "
b1110011110011111 2
#3220
b1110001010110001 "
b1110010100100101 2
#3221
b1110000000000100 "
b1110001010110001 2
#3222
b1101110101100000 "
b1110000000000100 2
#3223
b1101101010100101 "
b1101110101100000 2
#3224
b1101011110110000 "
b1101101010100101 2
#3225
b1101010011001001 "
b1101011110110000 2
#3226
b1101000110100111 "
b1101010011001001 2
#3227
b1100111010010111 "
b1101000110100111 2
#3228
b1100101101001100 "
b1100111010010111 2
#3229
b1100100000010110 "
b1100101101001100 2
#3230
b1100010010100100 "
b1100100000010110 2
#3231
b1100000101001100 "
b1100010010100100 2
#3232
b1011110110110111 "
b1100000101001100 2
#3233
b1011101000111111 "
b1011110110110111 2
#3234
b1011011010001100 "
b1011101000111111 2
#3235
b1011001011111000 "
b1011011010001100 2
#3236
b1010111100101001 "
b1011001011111000 2
#3237
b1010101101111101 "
b1010111100101001 2
#3238
b1010011110010111 "
b1010101101111101 2
#3239
b1010001111010110 "
b1010011110010111 2
#3240
b1001111111011100 "
b1010001111010110 2
#3241
b1001110000001011 "
b1001111111011100 2
#3242
b1001100000000001 "
b1001110000001011 2
#3243
b1001010000100011 "
b1001100000000001 2
#3244
b1001000000001110 "
b1001010000100011 2
#3245
b1000110000100111 "
b1001000000001110 2
#3246
b1000100000001011 "
b1000110000100111 2
#3247
b1000010000011111 "
b1000100000001011 2
#3248
b1000000000110010 "
b1000010000011111 2
#3249
b111110000010010 "
b1000000000110010 2
#3250
b111100000100110 "
b111110000010010 2
#3251
b111010000001010 "
b111100000100110 2
#3252
b111000000100011 "
b111010000001010 2
#3253
b110110000001101 "
b111000000100011 2
#3254
b110100000101111 "
b110110000001101 2
#3255
b110010000100101 "
b110100000101111 2
#3256
b110000001010011 "
b110010000100101 2
#3257
b101110001011001 "
b110000001010011 2
#3258
b101100010011000 "
b101110001011001 2
#3259
b101010010110001 "
b101100010011000 2
#3260
b101000100000101 "
b101010010110001 2
#3261
b100110100110101 "
b101000100000101 2
#3262
b100100110100001 "
b100110100110101 2
#3263
b100010111101100 "
b100100110100001 2
#3264
b100001001110100 "
b100010111101100 2
#3265
b11111011011110 "
b100001001110100 2
#3266
b11101110000101 "
b11111011011110 2
#3267
b11100000010010 "
b11101110000101 2
#3268
b11010011011100 "
b11100000010010 2
#3269
b11000110001111 "
b11010011011100 2
#3270
b10111001111110 "
b11000110001111 2
#3271
b10101101011011 "
b10111001111110 2
#3272
b10100001110100 "
b10101101011011 2
#3273
b10010110100001 "
b10100001110100 2
#3274
b10001011000010 "
b10010110100001 2
#3275
b10000000011100 "
b10001011000010 2
#3276
b1110101101110 "
b10000000011100 2
#3277
b1101011111000 "
b1110101101110 2
#3278
b1100001111110 "
b1101011111000 2
#3279
b1011000111011 "
b1100001111110 2
#3280
b1001111110111 "
b1011000111011 2
#3281
b1000111101001 "
b1001111110111 2
#3282
b111111011101 "
b1000111101001 2
#3283
b111000000110 "
b111111011101 2
#3284
b110000110101 "
b111000000110 2
#3285
b101010010110 "
b110000110101 2
#3286
b100100000001 "
b101010010110 2
#3287
b11110011101 "
b100100000001 2
#3288
b11001000111 "
b11110011101 2
#3289
b10100011111 "
b11001000111 2
#3290
b10000000111 "
b10100011111 2
#3291
b1100011100 "
b10000000111 2
#3292
b1001000110 "
b1100011100 2
#3293
b110011000 "
b1001000110 2
#3294
b100000011 "
b110011000 2
#3295
b10010100 "
b100000011 2
#3296
b1000001 "
b10010100 2
#3297
b10001 "
b1000001 2
#3298
b0 "
b10001 2
#3299
b1111 "
b0 2
#3300
b111110 "
b1111 2
#3301
b10001111 "
b111110 2
#3302
b11111101 "
b10001111 2
#3303
b110010000 "
b11111101 2
#3304
b1000111100 "
b110010000 2
#3305
b1100010001 "
b1000111100 2
#3306
b1111111011 "
b1100010001 2
#3307
b10100010001 "
b1111111011 2
#3308
b11000110111 "
b10100010001 2
#3309
b11110001100 "
b11000110111 2
#3310
b100011101111 "
b11110001100 2
#3311
b101010000010 "
b100011101111 2
#3312
b110000011111 "
b101010000010 2
#3313
b110111101111 "
b110000011111 2
#3314
b111111000101 "
b110111101111 2
#3315
b1000111001111 "
b111111000101 2
#3316
b1001111011100 "
b1000111001111 2
#3317
b1011000011111 "
b1001111011100 2
#3318
b1100001100000 "
b1011000011111 2
#3319
b1101011011010 "
b1100001100000 2
#3320
b1110101001110 "
b1101011011010 2
#3321
b1111111111011 "
b1110101001110 2
#3322
b10001010011111 "
b1111111111011 2
#3323
b10010101011010 "
b10001010011111 2
#3324
b10100001001111 "
b10010101011010 2
#3325
b10101100110110 "
b10100001001111 2
#3326
b10111001011000 "
b10101100110110 2
#3327
b11000101101000 "
b10111001011000 2
#3328
b11010010110011 "
b11000101101000 2
#3329
b11011111101001 "
b11010010110011 2
#3330
b11101101011011 "
b11011111101001 2
#3331
b11111010110011 "
b11101101011011 2
#3332
b100001001001000 "
b11111010110011 2
#3333
b100010111000000 "
b100001001001000 2
#3334
b100100101110011 "
b100010111000000 2
#3335
b100110100000111 "
b100100101110011 2
#3336
b101000011010110 "
b100110100000111 2
#3337
b101010010000010 "
b101000011010110 2
#3338
b101100001101000 "
b101010010000010 2
#3339
b101110000101001 "
b101100001101000 2
#3340
b110000000100011 "
b101110000101001 2
#3341
b110001111110100 "
b110000000100011 2
#3342
b110011111111110 "
b110001111110100 2
#3343
b110101111011100 "
b110011111111110 2
#3344
b110111111110001 "
b110101111011100 2
#3345
b111001111011000 "
b110111111110001 2
#3346
b111011111110100 "
b111001111011000 2
#3347
b111101111100000 "
b111011111110100 2
#3348
b111111111001101 "
b111101111100000 2
#3349
b1000001111101101 "
b111111111001101 2
#3350
b1000011111011001 "
b1000001111101101 2
#3351
b1000101111110101 "
b1000011111011001 2
#3352
b1000111111011100 "
b1000101111110101 2
#3353
b1001001111110010 "
b1000111111011100 2
#3354
b1001011111010000 "
b1001001111110010 2
#3355
b1001101111011010 "
b1001011111010000 2
#3356
b1001111110101100 "
b1001101111011010 2
#3357
b1010001110100110 "
b1001111110101100 2
#3358
b1010011101100111 "
b1010001110100110 2
#3359
b1010101101001110 "
b1010011101100111 2
#3360
b1010111011111010 "
b1010101101001110 2
#3361
b1011001011001010 "
b1010111011111010 2
#3362
b1011011001011110 "
b1011001011001010 2
#3363
b1011101000010011 "
b1011011001011110 2
#3364
b1011110110001011 "
b1011101000010011 2
#3365
b1100000100100001 "
b1011110110001011 2
#3366
b1100010001111010 "
b1100000100100001 2
#3367
b1100011111101101 "
b1100010001111010 2
#3368
b1100101100100011 "
b1100011111101101 2
#3369
b1100111001110000 "
b1100101100100011 2
#3370
b1101000110000001 "
b1100111001110000 2
#3371
b1101010010100100 "
b1101000110000001 2
#3372
b1101011110001011 "
b1101010010100100 2
#3373
b1101101001011110 "
b1101011110001011 2
#3374
b1101110100111101 "
b1101101001011110 2
#3375
b1101111111100011 "
b1101110100111101 2
#3376
b1110001010010001 "
b1101111111100011 2
#3377
b1110010100000111 "
b1110001010010001 2
#3378
b1110011110000001 "
b1110010100000111 2
#3379
b1110100111000100 "
b1110011110000001 2
#3380
b1110110000001000 "
b1110100111000100 2
#3381
b1110111000010110 "
b1110110000001000 2
#3382
b1111000000100010 "
b1110111000010110 2
#3383
b1111000111111001 "
b1111000000100010 2
#3384
b1111001111001010 "
b1111000111111001 2
#3385
b1111010101101001 "
b1111001111001010 2
#3386
b1111011011111110 "
b1111010101101001 2
#3387
b1111100001100010 "
b1111011011111110 2
#3388
b1111100110111000 "
b1111100001100010 2
#3389
b1111101011100000 "
b1111100110111000 2
#3390
b1111101111111000 "
b1111101011100000 2
#3391
b1111110011100011 "
b1111101111111000 2
#3392
b1111110110111001 "
b1111110011100011 2
#3393
b1111111001100111 "
b1111110110111001 2
#3394
b1111111011111100 "
b1111111001100111 2
#3395
b1111111101101011 "
b1111111011111100 2
#3396
b1111111110111110 "
b1111111101101011 2
#3397
b1111111111101110 "
b1111111110111110 2
#3398
b1111111111111111 "
b1111111111101110 2
#3399
b1111111111110000 "
b1111111111111111 2
#3400
b1111111111000001 "
b1111111111110000 2
#3401
b1111111101110000 "
b1111111111000001 2
#3402
b1111111100000010 "
b1111111101110000 2
#3403
b1111111001101111 "
b1111111100000010 2
#3404
b1111110111000011 "
b1111111001101111 2
#3405
b1111110011101110 "
b1111110111000011 2
#3406
b1111110000000100 "
b1111110011101110 2
#3407
b1111101011101110 "
b1111110000000100 2
#3408
b1111100111001000 "
b1111101011101110 2
#3409
b1111100001110011 "
b1111100111001000 2
#3410
b1111011100010000 "
b1111100001110011 2
#3411
b1111010101111101 "
b1111011100010000 2
#3412
b1111001111100000 "
b1111010101111101 2
#3413
b1111001000010000 "
b1111001111100000 2
#3414
b1111000000111010 "
b1111001000010000 2
#3415
b1110111000110000 "
b1111000000111010 2
#3416
b1110110000100011 "
b1110111000110000 2
#3417
b1110100111100000 "
b1110110000100011 2
#3418
b1110011110011111 "
b1110100111100000 2
#3419
b1110010100100101 "
b1110011110011111 2
#3420
b1110001010110001 "
b1110010100100101 2
#3421
b1110000000000100 "
b1110001010110001 2
#3422
b1101110101100000 "
b1110000000000100 2
#3423
b1101101010100101 "
b1101110101100000 2
#3424
b1101011110110000 "
b1101101010100101 2
#3425
b1101010011001001 "
b1101011110110000 2
#3426
b1101000110100111 "
b1101010011001001 2
#3427
b1100111010010111 "
b1101000110100111 2
#3428
b1100101101001100 "
b1100111010010111 2
#3429
b1100100000010110 "
b1100101101001100 2
#3430
b1100010010100100 "
b1100100000010110 2
#3431
b1100000101001100 "
b1100010010100100 2
#3432
b1011110110110111 "
b1100000101001100 2
#3433
b1011101000111111 "
b1011110110110111 2
#3434
b1011011010001100 "
b1011101000111111 2
#3435
b1011001011111000 "
b1011011010001100 2
#3436
b1010111100101001 "
b1011001011111000 2
#3437
b1010101101111101 "
b1010111100101001 2
#3438
b1010011110010111 "
b1010101101111101 2
#3439
b1010001111010110 "
b1010011110010111 2
#3440
b1001111111011100 "
b1010001111010110 2
#3441
b1001110000001011 "
b1001111111011100 2
#3442
b1001100000000001 "
b1001110000001011 2
#3443
b1001010000100011 "
b1001100000000001 2
#3444
b1001000000001110 "
b1001010000100011 2
#3445
b1000110000100111 "
b1001000000001110 2
#3446
b1000100000001011 "
b1000110000100111 2
#3447
b1000010000011111 "
b1000100000001011 2
#3448
b1000000000110010 "
b1000010000011111 2
#3449
b111110000010010 "
b1000000000110010 2
#3450
b111100000100110 "
b111110000010010 2
#3451
b111010000001010 "
b111100000100110 2
#3452
b111000000100011 "
b111010000001010 2
#3453
b110110000001101 "
b111000000100011 2
#3454
b110100000101111 "
b110110000001101 2
#3455
b110010000100101 "
b110100000101111 2
#3456
b110000001010011 "
b110010000100101 2
#3457
b101110001011001 "
b110000001010011 2
#3458
b101100010011000 "
b101110001011001 2
#3459
b101010010110001 "
b101100010011000 2
#3460
b101000100000101 "
b101010010110001 2
#3461
b100110100110101 "
b101000100000101 2
#3462
b100100110100001 "
b100110100110101 2
#3463
b100010111101100 "
b100100110100001 2
#3464
b100001001110100 "
b100010111101100 2
#3465
b11111011011110 "
b100001001110100 2
#3466
b11101110000101 "
b11111011011110 2
#3467
b11100000010010 "
b11101110000101 2
#3468
b11010011011100 "
b11100000010010 2
#3469
b11000110001111 "
b11010011011100 2
#3470
b10111001111110 "
b11000110001111 2
#3471
b10101101011011 "
b10111001111110 2
#3472
b10100001110100 "
b10101101011011 2
#3473
b10010110100001 "
b10100001110100 2
#3474
b10001011000010 "
b10010110100001 2
#3475
b10000000011100 "
b10001011000010 2
#3476
b1110101101110 "
b10000000011100 2
#3477
b1101011111000 "
b1110101101110 2
#3478
b1100001111110 "
b1101011111000 2
#3479
b1011000111011 "
b1100001111110 2
#3480
b1001111110111 "
b1011000111011 2
#3481
b1000111101001 "
b1001111110111 2
#3482
b111111011101 "
b1000111101001 2
#3483
b111000000110 "
b111111011101 2
#3484
b110000110101 "
b111000000110 2
#3485
b101010010110 "
b110000110101 2
#3486
b100100000001 "
b101010010110 2
#3487
b11110011101 "
b100100000001 2
#3488
b11001000111 "
b11110011101 2
#3489
b10100011111 "
b11001000111 2
#3490
b10000000111 "
b10100011111 2
#3491
b1100011100 "
b10000000111 2
#3492
b1001000110 "
b1100011100 2
#3493
b110011000 "
b1001000110 2
#3494
b100000011 "
b110011000 2
#3495
b10010100 "
b100000011 2
#3496
b1000001 "
b10010100 2
#3497
b10001 "
b1000001 2
#3498
b0 "
b10001 2
#3499
b1111 "
b0 2
#3500
b111110 "
b1111 2
#3501
b10001111 "
b111110 2
#3502
b11111101 "
b10001111 2
#3503
b110010000 "
b11111101 2
#3504
b1000111100 "
b110010000 2
#3505
b1100010001 "
b1000111100 2
#3506
b1111111011 "
b1100010001 2
#3507
b10100010001 "
b1111111011 2
#3508
b11000110111 "
b10100010001 2
#3509
b11110001100 "
b11000110111 2
#3510
b100011101111 "
b11110001100 2
#3511
b101010000010 "
b100011101111 2
#3512
b110000011111 "
b101010000010 2
#3513
b110111101111 "
b110000011111 2
#3514
b111111000101 "
b110111101111 2
#3515
b1000111001111 "
b111111000101 2
#3516
b1001111011100 "
b1000111001111 2
#3517
b1011000011111 "
b1001111011100 2
#3518
b1100001100000 "
b1011000011111 2
#3519
b1101011011010 "
b1100001100000 2
#3520
b1110101001110 "
b1101011011010 2
#3521
b1111111111011 "
b1110101001110 2
#3522
b10001010011111 "
b1111111111011 2
#3523
b10010101011010 "
b10001010011111 2
#3524
b10100001001111 "
b10010101011010 2
#3525
b10101100110110 "
b10100001001111 2
#3526
b10111001011000 "
b10101100110110 2
#3527
b11000101101000 "
b10111001011000 2
#3528
b11010010110011 "
b11000101101000 2
#3529
b11011111101001 "
b11010010110011 2
#3530
b11101101011011 "
b11011111101001 2
#3531
b11111010110011 "
b11101101011011 2
#3532
b100001001001000 "
b11111010110011 2
#3533
b100010111000000 "
b100001001001000 2
#3534
b100100101110011 "
b100010111000000 2
#3535
b100110100000111 "
b100100101110011 2
#3536
b101000011010110 "
b100110100000111 2
#3537
b101010010000010 "
b101000011010110 2
#3538
b101100001101000 "
b101010010000010 2
#3539
b101110000101001 "
b101100001101000 2
#3540
b110000000100011 "
b101110000101001 2
#3541
b110001111110100 "
b110000000100011 2
#3542
b110011111111110 "
b110001111110100 2
#3543
b110101111011100 "
b110011111111110 2
#3544
b110111111110001 "
b110101111011100 2
#3545
b111001111011000 "
b110111111110001 2
#3546
b111011111110100 "
b111001111011000 2
#3547
b111101111100000 "
b111011111110100 2
#3548
b111111111001101 "
b111101111100000 2
#3549
b1000001111101101 "
b111111111001101 2
#3550
b1000011111011001 "
b1000001111101101 2
#3551
b1000101111110101 "
b1000011111011001 2
#3552
b1000111111011100 "
b1000101111110101 2
#3553
b1001001111110010 "
b1000111111011100 2
#3554
b1001011111010000 "
b1001001111110010 2
#3555
b1001101111011010 "
b1001011111010000 2
#3556
b1001111110101100 "
b1001101111011010 2
#3557
b1010001110100110 "
b1001111110101100 2
#3558
b1010011101100111 "
b1010001110100110 2
#3559
b1010101101001110 "
b1010011101100111 2
#3560
b1010111011111010 "
b1010101101001110 2
#3561
b1011001011001010 "
b1010111011111010 2
#3562
b1011011001011110 "
b1011001011001010 2
#3563
b1011101000010011 "
b1011011001011110 2
#3564
b1011110110001011 "
b1011101000010011 2
#3565
b1100000100100001 "
b1011110110001011 2
#3566
b1100010001111010 "
b1100000100100001 2
#3567
b1100011111101101 "
b1100010001111010 2
#3568
b1100101100100011 "
b1100011111101101 2
#3569
b1100111001110000 "
b1100101100100011 2
#3570
b1101000110000001 "
b1100111001110000 2
#3571
b1101010010100100 "
b1101000110000001 2
#3572
b1101011110001011 "
b1101010010100100 2
#3573
b1101101001011110 "
b1101011110001011 2
#3574
b1101110100111101 "
b1101101001011110 2
#3575
b1101111111100011 "
b1101110100111101 2
#3576
b1110001010010001 "
b1101111111100011 2
#3577
b1110010100000111 "
b1110001010010001 2
#3578
b1110011110000001 "
b1110010100000111 2
#3579
b1110100111000100 "
b1110011110000001 2
#3580
b1110110000001000 "
b1110100111000100 2
#3581
b1110111000010110 "
b1110110000001000 2
#3582
b1111000000100010 "
b1110111000010110 2
#3583
b1111000111111001 "
b1111000000100010 2
#3584
b1111001111001010 "
b1111000111111001 2
#3585
b1111010101101001 "
b1111001111001010 2
#3586
b1111011011111110 "
b1111010101101001 2
#3587
b1111100001100010 "
b1111011011111110 2
#3588
b1111100110111000 "
b1111100001100010 2
#3589
b1111101011100000 "
b1111100110111000 2
#3590
b1111101111111000 "
b1111101011100000 2
#3591
b1111110011100011 "
b1111101111111000 2
#3592
b1111110110111001 "
b1111110011100011 2
#3593
b1111111001100111 "
b1111110110111001 2
#3594
b1111111011111100 "
b1111111001100111 2
#3595
b1111111101101011 "
b1111111011111100 2
#3596
b1111111110111110 "
b1111111101101011 2
#3597
b1111111111101110 "
b1111111110111110 2
#3598
b1111111111111111 "
b1111111111101110 2
#3599
b1111111111110000 "
b1111111111111111 2
#3600
b1111111111000001 "
b1111111111110000 2
#3601
b1111111101110000 "
b1111111111000001 2
#3602
b1111111100000010 "
b1111111101110000 2
#3603
b1111111001101111 "
b1111111100000010 2
#3604
b1111110111000011 "
b1111111001101111 2
#3605
b1111110011101110 "
b1111110111000011 2
#3606
b1111110000000100 "
b1111110011101110 2
#3607
b1111101011101110 "
b1111110000000100 2
#3608
b1111100111001000 "
b1111101011101110 2
#3609
b1111100001110011 "
b1111100111001000 2
#3610
b1111011100010000 "
b1111100001110011 2
#3611
b1111010101111101 "
b1111011100010000 2
#3612
b1111001111100000 "
b1111010101111101 2
#3613
b1111001000010000 "
b1111001111100000 2
#3614
b1111000000111010 "
b1111001000010000 2
#3615
b1110111000110000 "
b1111000000111010 2
#3616
b1110110000100011 "
b1110111000110000 2
#3617
b1110100111100000 "
b1110110000100011 2
#3618
b1110011110011111 "
b1110100111100000 2
#3619
b1110010100100101 "
b1110011110011111 2
#3620
b1110001010110001 "
b1110010100100101 2
#3621
b1110000000000100 "
b1110001010110001 2
#3622
b1101110101100000 "
b1110000000000100 2
#3623
b1101101010100101 "
b1101110101100000 2
#3624
b1101011110110000 "
b1101101010100101 2
#3625
b1101010011001001 "
b1101011110110000 2
#3626
b1101000110100111 "
b1101010011001001 2
#3627
b1100111010010111 "
b1101000110100111 2
#3628
b1100101101001100 "
b1100111010010111 2
#3629
b1100100000010110 "
b1100101101001100 2
#3630
b1100010010100100 "
b1100100000010110 2
#3631
b1100000101001100 "
b1100010010100100 2
#3632
b1011110110110111 "
b1100000101001100 2
#3633
b1011101000111111 "
b1011110110110111 2
#3634
b1011011010001100 "
b1011101000111111 2
#3635
b1011001011111000 "
b1011011010001100 2
#3636
b1010111100101001 "
b1011001011111000 2
#3637
b1010101101111101 "
b1010111100101001 2
#3638
b1010011110010111 "
b1010101101111101 2
#3639
b1010001111010110 "
b1010011110010111 2
#3640
b1001111111011100 "
b1010001111010110 2
#3641
b1001110000001011 "
b1001111111011100 2
#3642
b1001100000000001 "
b1001110000001011 2
#3643
b1001010000100011 "
b1001100000000001 2
#3644
b1001000000001110 "
b1001010000100011 2
#3645
b1000110000100111 "
b1001000000001110 2
#3646
b1000100000001011 "
b1000110000100111 2
#3647
b1000010000011111 "
b1000100000001011 2
#3648
b1000000000110010 "
b1000010000011111 2
#3649
b111110000010010 "
b1000000000110010 2
#3650
b111100000100110 "
b111110000010010 2
#3651
b111010000001010 "
b111100000100110 2
#3652
b111000000100011 "
b111010000001010 2
#3653
b110110000001101 "
b111000000100011 2
#3654
b110100000101111 "
b110110000001101 2
#3655
b110010000100101 "
b110100000101111 2
#3656
b110000001010011 "
b110010000100101 2
#3657
b101110001011001 "
b110000001010011 2
#3658
b101100010011000 "
b101110001011001 2
#3659
b101010010110001 "
b101100010011000 2
#3660
b101000100000101 "
b101010010110001 2
#3661
b100110100110101 "
b101000100000101 2
#3662
b100100110100001 "
b100110100110101 2
#3663
b100010111101100 "
b100100110100001 2
#3664
b100001001110100 "
b100010111101100 2
#3665
b11111011011110 "
b100001001110100 2
#3666
b11101110000101 "
b11111011011110 2
#3667
b11100000010010 "
b11101110000101 2
#3668
b11010011011100 "
b11100000010010 2
#3669
b11000110001111 "
b11010011011100 2
#3670
b10111001111110 "
b11000110001111 2
#3671
b10101101011011 "
b10111001111110 2
#3672
b10100001110100 "
b10101101011011 2
#3673
b10010110100001 "
b10100001110100 2
#3674
b10001011000010 "
b10010110100001 2
#3675
b10000000011100 "
b10001011000010 2
#3676
b1110101101110 "
b10000000011100 2
#3677
b1101011111000 "
b1110101101110 2
#3678
b1100001111110 "
b1101011111000 2
#3679
b1011000111011 "
b1100001111110 2
#3680
b1001111110111 "
b1011000111011 2
#3681
b1000111101001 "
b1001111110111 2
#3682
b111111011101 "
b1000111101001 2
#3683
b111000000110 "
b111111011101 2
#3684
b110000110101 "
b111000000110 2
#3685
b101010010110 "
b110000110101 2
#3686
b100100000001 "
b101010010110 2
#3687
b11110011101 "
b100100000001 2
#3688
b11001000111 "
b11110011101 2
#3689
b10100011111 "
b11001000111 2
#3690
b10000000111 "
b10100011111 2
#3691
b1100011100 "
b10000000111 2
#3692
b1001000110 "
b1100011100 2
#3693
b110011000 "
b1001000110 2
#3694
b100000011 "
b110011000 2
#3695
b10010100 "
b100000011 2
#3696
b1000001 "
b10010100 2
#3697
b10001 "
b1000001 2
#3698
b0 "
b10001 2
#3699
b1111 "
b0 2
#3700
b111110 "
b1111 2
#3701
b10001111 "
b111110 2
#3702
b11111101 "
b10001111 2
#3703
b110010000 "
b11111101 2
#3704
b1000111100 "
b110010000 2
#3705
b1100010001 "
b1000111100 2
#3706
b1111111011 "
b1100010001 2
#3707
b10100010001 "
b1111111011 2
#3708
b11000110111 "
b10100010001 2
#3709
b11110001100 "
b11000110111 2
#3710
b100011101111 "
b11110001100 2
#3711
b101010000010 "
b100011101111 2
#3712
b110000011111 "
b101010000010 2
#3713
b110111101111 "
b110000011111 2
#3714
b111111000101 "
b110111101111 2
#3715
b1000111001111 "
b111111000101 2
#3716
b1001111011100 "
b1000111001111 2
#3717
b1011000011111 "
b1001111011100 2
#3718
b1100001100000 "
b1011000011111 2
#3719
b1101011011010 "
b1100001100000 2
#3720
b1110101001110 "
b1101011011010 2
#3721
b1111111111011 "
b1110101001110 2
#3722
b10001010011111 "
b1111111111011 2
#3723
b10010101011010 "
b10001010011111 2
#3724
b10100001001111 "
b10010101011010 2
#3725
b10101100110110 "
b10100001001111 2
#3726
b10111001011000 "
b10101100110110 2
#3727
b11000101101000 "
b10111001011000 2
#3728
b11010010110011 "
b11000101101000 2
#3729
b11011111101001 "
b11010010110011 2
#3730
b11101101011011 "
b11011111101001 2
#3731
b11111010110011 "
b11101101011011 2
#3732
b100001001001000 "
b11111010110011 2
#3733
b100010111000000 "
b100001001001000 2
#3734
b100100101110011 "
b100010111000000 2
#3735
b100110100000111 "
b100100101110011 2
#3736
b101000011010110 "
b100110100000111 2
#3737
b101010010000010 "
b101000011010110 2
#3738
b101100001101000 "
b101010010000010 2
#3739
b101110000101001 "
b101100001101000 2
#3740
b110000000100011 "
b101110000101001 2
#3741
b110001111110100 "
b110000000100011 2
#3742
b110011111111110 "
b110001111110100 2
#3743
b110101111011100 "
b110011111111110 2
#3744
b110111111110001 "
b110101111011100 2
#3745
b111001111011000 "
b110111111110001 2
#3746
b111011111110100 "
b111001111011000 2
#3747
b111101111100000 "
b111011111110100 2
#3748
b111111111001101 "
b111101111100000 2
#3749
b1000001111101101 "
b111111111001101 2
#3750
b1000011111011001 "
b1000001111101101 2
#3751
b1000101111110101 "
b1000011111011001 2
#3752
b1000111111011100 "
b1000101111110101 2
#3753
b1001001111110010 "
b1000111111011100 2
#3754
b1001011111010000 "
b1001001111110010 2
#3755
b1001101111011010 "
b1001011111010000 2
#3756
b1001111110101100 "
b1001101111011010 2
#3757
b1010001110100110 "
b1001111110101100 2
#3758
b1010011101100111 "
b1010001110100110 2
#3759
b1010101101001110 "
b1010011101100111 2
#3760
b1010111011111010 "
b1010101101001110 2
#3761
b1011001011001010 "
b1010111011111010 2
#3762
b1011011001011110 "
b1011001011001010 2
#3763
b1011101000010011 "
b1011011001011110 2
#3764
b1011110110001011 "
b1011101000010011 2
#3765
b1100000100100001 "
b1011110110001011 2
#3766
b1100010001111010 "
b1100000100100001 2
#3767
b1100011111101101 "
b1100010001111010 2
#3768
b1100101100100011 "
b1100011111101101 2
#3769
b1100111001110000 "
b1100101100100011 2
#3770
b1101000110000001 "
b1100111001110000 2
#3771
b1101010010100100 "
b1101000110000001 2
#3772
b1101011110001011 "
b1101010010100100 2
#3773
b1101101001011110 "
b1101011110001011 2
#3774
b1101110100111101 "
b1101101001011110 2
#3775
b1101111111100011 "
b1101110100111101 2
#3776
b1110001010010001 "
b1101111111100011 2
#3777
b1110010100000111 "
b1110001010010001 2
#3778
b1110011110000001 "
b1110010100000111 2
#3779
b1110100111000100 "
b1110011110000001 2
#3780
b1110110000001000 "
b1110100111000100 2
#3781
b1110111000010110 "
b1110110000001000 2
#3782
b1111000000100010 "
b1110111000010110 2
#3783
b1111000111111001 "
b1111000000100010 2
#3784
b1111001111001010 "
b1111000111111001 2
#3785
b1111010101101001 "
b1111001111001010 2
#3786
b1111011011111110 "
b1111010101101001 2
#3787
b1111100001100010 "
b1111011011111110 2
#3788
b1111100110111000 "
b1111100001100010 2
#3789
b1111101011100000 "
b1111100110111000 2
#3790
b1111101111111000 "
b1111101011100000 2
#3791
b1111110011100011 "
b1111101111111000 2
#3792
b1111110110111001 "
b1111110011100011 2
#3793
b1111111001100111 "
b1111110110111001 2
#3794
b1111111011111100 "
b1111111001100111 2
#3795
b1111111101101011 "
b1111111011111100 2
#3796
b1111111110111110 "
b1111111101101011 2
#3797
b1111111111101110 "
b1111111110111110 2
#3798
b1111111111111111 "
b1111111111101110 2
#3799
b1111111111110000 "
b1111111111111111 2
#3800
b1111111111000001 "
b1111111111110000 2
#3801
b1111111101110000 "
b1111111111000001 2
#3802
b1111111100000010 "
b1111111101110000 2
#3803
b1111111001101111 "
b1111111100000010 2
#3804
b1111110111000011 "
b1111111001101111 2
#3805
b1111110011101110 "
b1111110111000011 2
#3806
b1111110000000100 "
b1111110011101110 2
#3807
b1111101011101110 "
b1111110000000100 2
#3808
b1111100111001000 "
b1111101011101110 2
#3809
b1111100001110011 "
b1111100111001000 2
#3810
b1111011100010000 "
b1111100001110011 2
#3811
b1111010101111101 "
b1111011100010000 2
#3812
b1111001111100000 "
b1111010101111101 2
#3813
b1111001000010000 "
b1111001111100000 2
#3814
b1111000000111010 "
b1111001000010000 2
#3815
b1110111000110000 "
b1111000000111010 2
#3816
b1110110000100011 "
b1110111000110000 2
#3817
b1110100111100000 "
b1110110000100011 2
#3818
b1110011110011111 "
b1110100111100000 2
#3819
b1110010100100101 "
b1110011110011111 2
#3820
b1110001010110001 "
b1110010100100101 2
#3821
b1110000000000100 "
b1110001010110001 2
#3822
b1101110101100000 "
b1110000000000100 2
#3823
b1101101010100101 "
b1101110101100000 2
#3824
b1101011110110000 "
b1101101010100101 2
#3825
b1101010011001001 "
b1101011110110000 2
#3826
b1101000110100111 "
b1101010011001001 2
#3827
b1100111010010111 "
b1101000110100111 2
#3828
b1100101101001100 "
b1100111010010111 2
#3829
b1100100000010110 "
b1100101101001100 2
#3830
b1100010010100100 "
b1100100000010110 2
#3831
b1100000101001100 "
b1100010010100100 2
#3832
b1011110110110111 "
b1100000101001100 2
#3833
b1011101000111111 "
b1011110110110111 2
#3834
b1011011010001100 "
b1011101000111111 2
#3835
b1011001011111000 "
b1011011010001100 2
#3836
b1010111100101001 "
b1011001011111000 2
#3837
b1010101101111101 "
b1010111100101001 2
#3838
b1010011110010111 "
b1010101101111101 2
#3839
b1010001111010110 "
b1010011110010111 2
#3840
b1001111111011100 "
b1010001111010110 2
#3841
b1001110000001011 "
b1001111111011100 2
#3842
b1001100000000001 "
b1001110000001011 2
#3843
b1001010000100011 "
b1001100000000001 2
#3844
b1001000000001110 "
b1001010000100011 2
#3845
b1000110000100111 "
b1001000000001110 2
#3846
b1000100000001011 "
b1000110000100111 2
#3847
b1000010000011111 "
b1000100000001011 2
#3848
b1000000000110010 "
b1000010000011111 2
#3849
b111110000010010 "
b1000000000110010 2
#3850
b111100000100110 "
b111110000010010 2
#3851
b111010000001010 "
b111100000100110 2
#3852
b111000000100011 "
b111010000001010 2
#3853
b110110000001101 "
b111000000100011 2
#3854
b110100000101111 "
b110110000001101 2
#3855
b110010000100101 "
b110100000101111 2
#3856
b110000001010011 "
b110010000100101 2
#3857
b101110001011001 "
b110000001010011 2
#3858
b101100010011000 "
b101110001011001 2
#3859
b101010010110001 "
b101100010011000 2
#3860
b101000100000101 "
b101010010110001 2
#3861
b100110100110101 "
b101000100000101 2
#3862
b100100110100001 "
b100110100110101 2
#3863
b100010111101100 "
b100100110100001 2
#3864
b100001001110100 "
b100010111101100 2
#3865
b11111011011110 "
b100001001110100 2
#3866
b11101110000101 "
b11111011011110 2
#3867
b11100000010010 "
b11101110000101 2
#3868
b11010011011100 "
b11100000010010 2
#3869
b11000110001111 "
b11010011011100 2
#3870
b10111001111110 "
b11000110001111 2
#3871
b10101101011011 "
b10111001111110 2
#3872
b10100001110100 "
b10101101011011 2
#3873
b10010110100001 "
b10100001110100 2
#3874
b10001011000010 "
b10010110100001 2
#3875
b10000000011100 "
b10001011000010 2
#3876
b1110101101110 "
b10000000011100 2
#3877
b1101011111000 "
b1110101101110 2
#3878
b1100001111110 "
b1101011111000 2
#3879
b1011000111011 "
b1100001111110 2
#3880
b1001111110111 "
b1011000111011 2
#3881
b1000111101001 "
b1001111110111 2
#3882
b111111011101 "
b1000111101001 2
#3883
b111000000110 "
b111111011101 2
#3884
b110000110101 "
b111000000110 2
#3885
b101010010110 "
b110000110101 2
#3886
b100100000001 "
b101010010110 2
#3887
b11110011101 "
b100100000001 2
#3888
b11001000111 "
b11110011101 2
#3889
b10100011111 "
b11001000111 2
#3890
b10000000111 "
b10100011111 2
#3891
b1100011100 "
b10000000111 2
#3892
b1001000110 "
b1100011100 2
#3893
b110011000 "
b1001000110 2
#3894
b100000011 "
b110011000 2
#3895
b10010100 "
b100000011 2
#3896
b1000001 "
b10010100 2
#3897
b10001 "
b1000001 2
#3898
b0 "
b10001 2
#3899
b1111 "
b0 2
#3900
b111110 "
b1111 2
#3901
b10001111 "
b111110 2
#3902
b11111101 "
b10001111 2
#3903
b110010000 "
b11111101 2
#3904
b1000111100 "
b110010000 2
#3905
b1100010001 "
b1000111100 2
#3906
b1111111011 "
b1100010001 2
#3907
b10100010001 "
b1111111011 2
#3908
b11000110111 "
b10100010001 2
#3909
b11110001100 "
b11000110111 2
#3910
b100011101111 "
b11110001100 2
#3911
b101010000010 "
b100011101111 2
#3912
b110000011111 "
b101010000010 2
#3913
b110111101111 "
b110000011111 2
#3914
b111111000101 "
b110111101111 2
#3915
b1000111001111 "
b111111000101 2
#3916
b1001111011100 "
b1000111001111 2
#3917
b1011000011111 "
b1001111011100 2
#3918
b1100001100000 "
b1011000011111 2
#3919
b1101011011010 "
b1100001100000 2
#3920
b1110101001110 "
b1101011011010 2
#3921
b1111111111011 "
b1110101001110 2
#3922
b10001010011111 "
b1111111111011 2
#3923
b10010101011010 "
b10001010011111 2
#3924
b10100001001111 "
b10010101011010 2
#3925
b10101100110110 "
b10100001001111 2
#3926
b10111001011000 "
b10101100110110 2
#3927
b11000101101000 "
b10111001011000 2
#3928
b11010010110011 "
b11000101101000 2
#3929
b11011111101001 "
b11010010110011 2
#3930
b11101101011011 "
b11011111101001 2
#3931
b11111010110011 "
b11101101011011 2
#3932
b100001001001000 "
b11111010110011 2
#3933
b100010111000000 "
b100001001001000 2
#3934
b100100101110011 "
b100010111000000 2
#3935
b100110100000111 "
b100100101110011 2
#3936
b101000011010110 "
b100110100000111 2
#3937
b101010010000010 "
b101000011010110 2
#3938
b101100001101000 "
b101010010000010 2
#3939
b101110000101001 "
b101100001101000 2
#3940
b110000000100011 "
b101110000101001 2
#3941
b110001111110100 "
b110000000100011 2
#3942
b110011111111110 "
b110001111110100 2
#3943
b110101111011100 "
b110011111111110 2
#3944
b110111111110001 "
b110101111011100 2
#3945
b111001111011000 "
b110111111110001 2
#3946
b111011111110100 "
b111001111011000 2
#3947
b111101111100000 "
b111011111110100 2
#3948
b111111111001101 "
b111101111100000 2
#3949
b1000001111101101 "
b111111111001101 2
#3950
b1000011111011001 "
b1000001111101101 2
#3951
b1000101111110101 "
b1000011111011001 2
#3952
b1000111111011100 "
b1000101111110101 2
#3953
b1001001111110010 "
b1000111111011100 2
#3954
b1001011111010000 "
b1001001111110010 2
#3955
b1001101111011010 "
b1001011111010000 2
#3956
b1001111110101100 "
b1001101111011010 2
#3957
b1010001110100110 "
b1001111110101100 2
#3958
b1010011101100111 "
b1010001110100110 2
#3959
b1010101101001110 "
b1010011101100111 2
#3960
b1010111011111010 "
b1010101101001110 2
#3961
b1011001011001010 "
b1010111011111010 2
#3962
b1011011001011110 "
b1011001011001010 2
#3963
b1011101000010011 "
b1011011001011110 2
#3964
b1011110110001011 "
b1011101000010011 2
#3965
b1100000100100001 "
b1011110110001011 2
#3966
b1100010001111010 "
b1100000100100001 2
#3967
b1100011111101101 "
b1100010001111010 2
#3968
b1100101100100011 "
b1100011111101101 2
#3969
b1100111001110000 "
b1100101100100011 2
#3970
b1101000110000001 "
b1100111001110000 2
#3971
b1101010010100100 "
b1101000110000001 2
#3972
b1101011110001011 "
b1101010010100100 2
#3973
b1101101001011110 "
b1101011110001011 2
#3974
b1101110100111101 "
b1101101001011110 2
#3975
b1101111111100011 "
b1101110100111101 2
#3976
b1110001010010001 "
b1101111111100011 2
#3977
b1110010100000111 "
b1110001010010001 2
#3978
b1110011110000001 "
b1110010100000111 2
#3979
b1110100111000100 "
b1110011110000001 2
#3980
b1110110000001000 "
b1110100111000100 2
#3981
b1110111000010110 "
b1110110000001000 2
#3982
b1111000000100010 "
b1110111000010110 2
#3983
b1111000111111001 "
b1111000000100010 2
#3984
b1111001111001010 "
b1111000111111001 2
#3985
b1111010101101001 "
b1111001111001010 2
#3986
b1111011011111110 "
b1111010101101001 2
#3987
b1111100001100010 "
b1111011011111110 2
#3988
b1111100110111000 "
b1111100001100010 2
#3989
b1111101011100000 "
b1111100110111000 2
#3990
b1111101111111000 "
b1111101011100000 2
#3991
b1111110011100011 "
b1111101111111000 2
#3992
b1111110110111001 "
b1111110011100011 2
#3993
b1111111001100111 "
b1111110110111001 2
#3994
b1111111011111100 "
b1111111001100111 2
#3995
b1111111101101011 "
b1111111011111100 2
#3996
b1111111110111110 "
b1111111101101011 2
#3997
b1111111111101110 "
b1111111110111110 2
#3998
b1111111111111111 "
b1111111111101110 2
#3999
b1111111111110000 "
b1111111111111111 2
#4000
b1111111111000001 "
b1111111111110000 2
#4001
b1111111101110000 "
b1111111111000001 2
#4002
b1111111100000010 "
b1111111101110000 2
#4003
b1111111001101111 "
b1111111100000010 2
#4004
b1111110111000011 "
b1111111001101111 2
#4005
b1111110011101110 "
b1111110111000011 2
#4006
b1111110000000100 "
b1111110011101110 2
#4007
b1111101011101110 "
b1111110000000100 2
#4008
b1111100111001000 "
b1111101011101110 2
#4009
b1111100001110011 "
b1111100111001000 2
#4010
b1111011100010000 "
b1111100001110011 2
#4011
b1111010101111101 "
b1111011100010000 2
#4012
b1111001111100000 "
b1111010101111101 2
#4013
b1111001000010000 "
b1111001111100000 2
#4014
b1111000000111010 "
b1111001000010000 2
#4015
b1110111000110000 "
b1111000000111010 2
#4016
b1110110000100011 "
b1110111000110000 2
#4017
b1110100111100000 "
b1110110000100011 2
#4018
b1110011110011111 "
b1110100111100000 2
#4019
b1110010100100101 "
b1110011110011111 2
#4020
b1110001010110001 "
b1110010100100101 2
#4021
b1110000000000100 "
b1110001010110001 2
#4022
b1101110101100000 "
b1110000000000100 2
#4023
b1101101010100101 "
b1101110101100000 2
#4024
b1101011110110000 "
b1101101010100101 2
#4025
b1101010011001001 "
b1101011110110000 2
#4026
b1101000110100111 "
b1101010011001001 2
#4027
b1100111010010111 "
b1101000110100111 2
#4028
b1100101101001100 "
b1100111010010111 2
#4029
b1100100000010110 "
b1100101101001100 2
#4030
b1100010010100100 "
b1100100000010110 2
#4031
b1100000101001100 "
b1100010010100100 2
#4032
b1011110110110111 "
b1100000101001100 2
#4033
b1011101000111111 "
b1011110110110111 2
#4034
b1011011010001100 "
b1011101000111111 2
#4035
b1011001011111000 "
b1011011010001100 2
#4036
b1010111100101001 "
b1011001011111000 2
#4037
b1010101101111101 "
b1010111100101001 2
#4038
b1010011110010111 "
b1010101101111101 2
#4039
b1010001111010110 "
b1010011110010111 2
#4040
b1001111111011100 "
b1010001111010110 2
#4041
b1001110000001011 "
b1001111111011100 2
#4042
b1001100000000001 "
b1001110000001011 2
#4043
b1001010000100011 "
b1001100000000001 2
#4044
b1001000000001110 "
b1001010000100011 2
#4045
b1000110000100111 "
b1001000000001110 2
#4046
b1000100000001011 "
b1000110000100111 2
#4047
b1000010000011111 "
b1000100000001011 2
#4048
b1000000000110010 "
b1000010000011111 2
#4049
b111110000010010 "
b1000000000110010 2
#4050
b111100000100110 "
b111110000010010 2
#4051
b111010000001010 "
b111100000100110 2
#4052
b111000000100011 "
b111010000001010 2
#4053
b110110000001101 "
b111000000100011 2
#4054
b110100000101111 "
b110110000001101 2
#4055
b110010000100101 "
b110100000101111 2
#4056
b110000001010011 "
b110010000100101 2
#4057
b101110001011001 "
b110000001010011 2
#4058
b101100010011000 "
b101110001011001 2
#4059
b101010010110001 "
b101100010011000 2
#4060
b101000100000101 "
b101010010110001 2
#4061
b100110100110101 "
b101000100000101 2
#4062
b100100110100001 "
b100110100110101 2
#4063
b100010111101100 "
b100100110100001 2
#4064
b100001001110100 "
b100010111101100 2
#4065
b11111011011110 "
b100001001110100 2
#4066
b11101110000101 "
b11111011011110 2
#4067
b11100000010010 "
b11101110000101 2
#4068
b11010011011100 "
b11100000010010 2
#4069
b11000110001111 "
b11010011011100 2
#4070
b10111001111110 "
b11000110001111 2
#4071
b10101101011011 "
b10111001111110 2
#4072
b10100001110100 "
b10101101011011 2
#4073
b10010110100001 "
b10100001110100 2
#4074
b10001011000010 "
b10010110100001 2
#4075
b10000000011100 "
b10001011000010 2
#4076
b1110101101110 "
b10000000011100 2
#4077
b1101011111000 "
b1110101101110 2
#4078
b1100001111110 "
b1101011111000 2
#4079
b1011000111011 "
b1100001111110 2
#4080
b1001111110111 "
b1011000111011 2
#4081
b1000111101001 "
b1001111110111 2
#4082
b111111011101 "
b1000111101001 2
#4083
b111000000110 "
b111111011101 2
#4084
b110000110101 "
b111000000110 2
#4085
b101010010110 "
b110000110101 2
#4086
b100100000001 "
b101010010110 2
#4087
b11110011101 "
b100100000001 2
#4088
b11001000111 "
b11110011101 2
#4089
b10100011111 "
b11001000111 2
#4090
b10000000111 "
b10100011111 2
#4091
b1100011100 "
b10000000111 2
#4092
b1001000110 "
b1100011100 2
#4093
b110011000 "
b1001000110 2
#4094
b100000011 "
b110011000 2
#4095
b10010100 "
b100000011 2
